user_id,first_name,last_name,email,phone,postal_code,registration_date,country,loyalty_tier,lifetime_value
USR-000001,Victoria,Harris,bruceochoa@example.com,518-943-6602x0931,73026,2024-04-21,US,silver,37.33
USR-000002,Jessica,Sutton,johnsonjohn@example.com,767.677.7365x7645,43862,2024-09-09,FR,bronze,55.37
USR-000003,Brian,Wright,austinlinda@example.net,735-511-0269x395,31308,2025-09-18,DE,platinum,78.73
USR-000004,Amanda,Dennis,jameswright@example.net,935-214-8550,19277,2023-06-26,FR,silver,86.19
USR-000005,Andre,Taylor,csmith@example.com,001-615-514-4876x216,96807,2026-07-19,UK,platinum,34.57
USR-000006,Donna,Chavez,lwright@example.net,506-995-7252x0235,61068,2025-06-11,US,silver,127.75
USR-000007,Eugene,Payne,alyssa89@example.org,001-394-695-1659,41600,2025-10-13,FR,bronze,155.81
USR-000008,Phillip,Cooke,ryan52@example.org,001-800-941-5242,71062,2023-06-06,FR,platinum,28.13
USR-000009,Jonathan,Zamora,shawterry@example.com,+1-450-714-6709x367,06328,2025-04-26,UK,silver,113.19
USR-000010,Rebecca,Wolfe,salinaskyle@example.org,570.673.4603x161,02149,2025-05-02,US,bronze,93.46
USR-000011,Brenda,Anderson,cruzjoseph@example.com,327-754-2832x86785,89637,2021-11-11,DE,silver,140.53
USR-000012,Rebecca,Myers,baileyjulia@example.org,001-555-866-1668x940,98315,2022-10-18,UK,bronze,61.53
USR-000013,John,Fowler,ashley55@example.org,001-661-713-3956x322,10284,2024-02-27,UK,silver,238.0
USR-000014,Nathaniel,Lawson,watkinschristopher@example.org,+1-869-574-8697x8487,11678,2024-06-17,US,platinum,88.22
USR-000015,Sarah,Brown,troywilliams@example.net,669.422.5916,31310,2021-08-15,CA,silver,127.57
USR-000016,David,Webb,twillis@example.org,876-531-9198,61671,2026-08-02,DE,bronze,90.91
USR-000017,Denise,Copeland,elizabeth36@example.org,(722)830-6356x73577,81810,2025-04-05,DE,silver,205.6
USR-000018,Gabriel,Franklin,lauren04@example.org,001-903-627-3032x482,91565,2026-07-16,CA,silver,54.12
USR-000019,Jamie,Leon,francesperez@example.com,(811)488-2038x06958,87181,2021-12-08,CA,silver,35.09
USR-000020,Matthew,Sellers,mckinneyclifford@example.org,617.979.0366x66369,23463,2024-02-20,CA,silver,47.47
USR-000021,Debra,Moore,bonnie45@example.org,537.990.2940,47847,2022-09-11,FR,bronze,19.44
USR-000022,Cynthia,Gonzalez,kellereric@example.com,001-752-875-6719x5030,66210,2023-11-16,FR,platinum,20.08
USR-000023,Bryan,Clarke,jacquelinemejia@example.com,(449)548-9185,67043,2024-02-12,US,platinum,43.45
USR-000024,Gary,Smith,murphyjoshua@example.com,876.749.1361x657,18545,2024-02-22,US,silver,16.03
USR-000025,Wanda,Benjamin,krodriguez@example.net,949-902-9484x94345,54146,2025-12-02,DE,platinum,78.86
USR-000026,Chase,Keith,vcooper@example.org,001-709-515-9567x83239,50783,2025-08-21,UK,silver,40.17
USR-000027,Sandra,Riley,christopher70@example.com,(218)453-6087x8072,04310,2026-02-11,US,bronze,33.98
USR-000028,Rebecca,House,andreadunn@example.org,(909)496-6763,02788,2022-08-07,UK,bronze,14.22
USR-000029,Scott,Phillips,wesley65@example.com,807.919.0565x7439,63194,2021-10-09,CA,gold,272.87
USR-000030,Jorge,Cardenas,carolynjones@example.com,001-890-395-4688x7305,08120,2025-11-07,US,bronze,98.3
USR-000031,Mark,Pollard,tammyowen@example.com,(325)647-8009x58040,51108,2022-03-19,DE,bronze,6.26
USR-000032,Leslie,Cobb,williamschad@example.net,+1-600-573-8854x67347,53176,2025-05-15,DE,silver,30.3
USR-000033,Jesse,Berry,spencerjoshua@example.org,598-459-6718,14815,2022-08-10,FR,platinum,81.38
USR-000034,Alexander,Carter,diana25@example.net,211-690-3594,22265,2024-11-29,DE,bronze,87.77
USR-000035,Justin,Petersen,annette99@example.net,001-903-823-8876,56888,2021-10-13,CA,bronze,283.16
USR-000036,Cynthia,Guerra,paula13@example.com,6396978387,88204,2025-02-06,US,platinum,26.54
USR-000037,James,Rice,rickmartin@example.net,+1-739-670-2663x82071,73801,2021-12-31,US,platinum,140.68
USR-000038,Mark,Walker,jonesterry@example.com,4574767719,04874,2025-12-22,UK,silver,26.89
USR-000039,Brian,Moore,cflores@example.com,2588923036,57898,2024-01-18,UK,gold,22.44
USR-000040,Timothy,Wheeler,josephharper@example.net,(865)957-1364,34417,2025-02-03,US,platinum,17.5
USR-000041,Cody,Mcgee,jeremy52@example.com,344.788.2526x990,14162,2025-05-30,CA,gold,86.44
USR-000042,Dakota,Rodriguez,palvarez@example.org,+1-251-757-6467,08402,2024-11-27,US,gold,9.94
USR-000043,Karen,Mathis,walleramy@example.net,001-831-293-4650x2758,33088,2026-03-19,DE,silver,44.87
USR-000044,Kevin,Reese,nicholas33@example.net,001-923-249-5245,44934,2021-12-26,CA,platinum,76.54
USR-000045,Michelle,Russo,ocastaneda@example.org,(838)480-3242x7161,94251,2026-04-02,US,silver,187.33
USR-000046,William,Welch,qbenjamin@example.com,(323)570-3854x78726,16603,2025-08-02,US,platinum,68.48
USR-000047,Eric,Ramsey,christopher23@example.org,606.325.3941x85455,71169,2024-08-31,FR,bronze,31.78
USR-000048,Lucas,Merritt,christophercannon@example.org,856.930.3282,25507,2023-03-27,UK,gold,13.04
USR-000049,Kevin,Salazar,tonya98@example.com,(271)868-9621x325,23126,2025-11-08,US,gold,249.05
USR-000050,Ricky,Herrera,ocarter@example.org,976-408-8230x9258,68745,2024-08-04,US,silver,152.36
USR-000051,Debra,Roberts,qfitzpatrick@example.org,(431)863-3084x6017,20456,2024-03-04,DE,gold,335.67
USR-000052,Alexis,Duffy,dcollins@example.net,274-391-1634x3031,51381,2023-08-30,DE,gold,51.59
USR-000053,Kayla,Reynolds,alexandriacox@example.com,314-308-5796x2295,83581,2021-08-11,FR,platinum,18.65
USR-000054,Larry,Simmons,reyestoni@example.com,001-700-526-0469x0174,67493,2025-10-01,US,bronze,54.62
USR-000055,Claudia,Stout,ivance@example.com,410-366-7884x573,56937,2023-05-07,DE,gold,41.35
USR-000056,Nancy,Pruitt,eric38@example.net,954.440.7110,81312,2024-03-07,US,bronze,67.89
USR-000057,Andrew,Sanchez,mooneydanielle@example.net,5665714853,16499,2024-02-06,FR,silver,21.87
USR-000058,Christopher,Gibson,michael12@example.net,+1-324-792-2028,86166,2022-07-04,US,platinum,81.6
USR-000059,William,Villarreal,dillon76@example.net,7122696250,63052,2025-04-14,FR,silver,174.67
USR-000060,Valerie,Taylor,hallcarolyn@example.org,8324502749,31920,2024-05-29,UK,silver,34.2
USR-000061,William,Campbell,blakesarah@example.net,676.454.3999,96359,2024-05-31,DE,gold,11.11
USR-000062,Michael,Warren,jeffreyjohnson@example.com,+1-741-248-6329x0850,99322,2025-10-02,FR,silver,13.63
USR-000063,Sharon,Dixon,vguerrero@example.net,3512823772,81017,2021-11-10,FR,platinum,33.35
USR-000064,Jon,Scott,ashleyholt@example.com,674-800-3456,43696,2024-12-21,CA,bronze,9.98
USR-000065,Tommy,Clark,kimberly96@example.com,(207)323-6604x7412,71703,2021-08-10,CA,bronze,39.5
USR-000066,Samuel,Wheeler,michaelmathews@example.net,+1-794-904-3935x16026,58324,2023-06-21,CA,silver,61.58
USR-000067,Hannah,Jordan,stacey03@example.net,001-316-536-7817x5248,44843,2022-10-27,UK,platinum,45.74
USR-000068,Paul,Adams,katelynrobinson@example.org,+1-453-995-2608x853,31530,2023-01-20,FR,bronze,142.39
USR-000069,Michelle,Davis,christine97@example.net,875-947-3770x4990,70494,2021-12-09,US,bronze,28.66
USR-000070,Kyle,Carson,vdavila@example.net,873.396.1034x0573,07209,2024-03-13,US,bronze,128.15
USR-000071,Julie,Carter,thorntontyler@example.com,(394)830-7218x87716,42480,2024-02-19,US,platinum,81.8
USR-000072,Herbert,Ortiz,kathryn10@example.com,+1-757-986-7126,91496,2022-05-26,CA,silver,18.12
USR-000073,Marie,Tran,marymatthews@example.org,(378)898-8524,03886,2024-10-16,DE,platinum,143.96
USR-000074,Kelly,Ball,erica85@example.com,373.704.3763,48789,2024-06-06,DE,bronze,69.52
USR-000075,Tasha,Johnson,grahamcindy@example.com,881-244-0004x075,20030,2022-10-17,UK,bronze,62.89
USR-000076,Michelle,Martinez,xedwards@example.org,697.429.6822x885,59935,2026-03-23,UK,platinum,245.71
USR-000077,Julia,Green,vjohnston@example.net,(651)997-3665,96545,2026-04-20,CA,silver,21.73
USR-000078,William,Houston,stephaniewashington@example.org,9539925906,16278,2024-05-23,CA,platinum,129.81
USR-000079,James,Morales,alvarezsarah@example.net,3405256004,13556,2023-08-25,FR,gold,85.42
USR-000080,Randy,Snyder,dylan07@example.org,(279)871-7635,39249,2022-06-30,CA,gold,160.09
USR-000081,Heather,Moore,wattsjason@example.net,+1-517-367-6227x0254,52440,2024-10-20,US,bronze,39.93
USR-000082,Vickie,Andrews,william64@example.com,(256)504-6782,57627,2024-09-14,CA,gold,47.53
USR-000083,Peter,Odonnell,jennifer50@example.net,(361)434-0973,20781,2025-07-26,UK,platinum,21.71
USR-000084,Emily,Ochoa,breyes@example.com,540-453-2421x69435,66112,2025-04-30,UK,platinum,48.26
USR-000085,Robin,Owens,diazpamela@example.org,705.773.2136x78864,49297,2022-04-08,US,bronze,278.8
USR-000086,Daniel,Wilson,vsmith@example.com,+1-657-305-2950x86874,17108,2025-06-19,FR,bronze,76.99
USR-000087,Matthew,Nunez,urios@example.net,(392)763-5600x6255,11955,2024-01-06,CA,silver,57.46
USR-000088,Kathleen,Matthews,xneal@example.org,001-437-984-9531,26438,2022-12-09,UK,bronze,16.74
USR-000089,Miranda,Aguirre,alyssa01@example.net,462.813.4616x4615,44460,2022-11-04,FR,bronze,53.76
USR-000090,Lisa,Anderson,rebecca70@example.net,+1-681-201-4812x97198,73318,2024-08-10,CA,platinum,70.98
USR-000091,Tammy,King,ttate@example.net,+1-212-768-1793x00805,86272,2026-02-23,UK,silver,133.67
USR-000092,William,Payne,allen34@example.net,7508810563,78005,2024-07-21,DE,bronze,60.81
USR-000093,Cynthia,Ali,yvonnedavis@example.net,(394)460-2124x67642,92992,2025-01-11,UK,bronze,69.49
USR-000094,Jessica,Knight,randymoore@example.com,498-284-9591x260,32573,2022-09-21,US,silver,585.47
USR-000095,Jennifer,Green,rwood@example.com,716.265.7813x0499,40242,2022-10-11,US,bronze,9.95
USR-000096,Walter,Leonard,groberts@example.com,250-986-2953x223,19866,2026-07-27,CA,bronze,29.53
USR-000097,Patricia,Werner,gcruz@example.org,(713)595-5745x86180,76078,2022-10-30,US,bronze,25.57
USR-000098,Nicole,Johnson,miguelschultz@example.com,(478)285-9881,57303,2024-08-29,CA,platinum,67.41
USR-000099,Nathan,Austin,mitchellsexton@example.com,(376)422-3683,62106,2023-04-22,US,silver,47.08
USR-000100,Rebecca,Martinez,chloelawson@example.com,478-602-2801x77106,48061,2025-12-10,UK,gold,45.09
USR-000101,Andrew,Curry,joseph35@example.net,441.543.9103,96964,2025-02-07,UK,silver,46.52
USR-000102,Margaret,Reynolds,kburch@example.net,3663747720,87253,2025-12-19,UK,platinum,72.42
USR-000103,Kenneth,Arnold,john78@example.org,(401)787-7795x3342,28254,2024-07-23,US,gold,54.34
USR-000104,Shelley,Anderson,david77@example.com,001-427-374-5750x21885,13582,2026-04-13,CA,gold,53.79
USR-000105,Julian,Parker,pereznicholas@example.net,296.687.8842,61072,2023-04-05,CA,gold,63.8
USR-000106,Hailey,Holt,miguelshaw@example.net,277-406-9392x8532,42081,2023-02-26,DE,platinum,58.21
USR-000107,Christopher,Barnes,svargas@example.com,001-777-681-8986x3613,84021,2023-03-30,UK,bronze,84.84
USR-000108,Kristen,Taylor,wilsonann@example.net,823.450.1947x377,53064,2024-12-22,DE,silver,60.03
USR-000109,William,Casey,wware@example.com,001-399-277-9178x22008,04453,2022-02-01,DE,gold,37.55
USR-000110,Jonathan,Wagner,mcontreras@example.org,(825)915-7595x1490,13366,2024-10-06,FR,platinum,148.78
USR-000111,Kristen,Ritter,beckalan@example.net,858-772-4227x496,92745,2024-11-24,FR,platinum,60.67
USR-000112,Christine,Cabrera,melissadodson@example.com,571-697-2512,27458,2025-05-25,FR,gold,42.85
USR-000113,Jimmy,Hall,rford@example.com,+1-377-273-4265x87503,39764,2025-02-23,CA,bronze,76.44
USR-000114,Brittany,Greene,aaron71@example.net,+1-928-606-1990x74666,62703,2022-05-11,US,platinum,56.36
USR-000115,Megan,Rangel,stevenskaren@example.org,735-466-8303x2536,48002,2023-03-26,DE,gold,36.74
USR-000116,Sean,Fitzgerald,uburns@example.net,6789107283,51095,2022-12-10,CA,gold,221.77
USR-000117,Jessica,Curry,whitenicholas@example.com,+1-693-663-1962x756,29725,2024-07-02,CA,bronze,27.2
USR-000118,Kathleen,Aguilar,sotomary@example.com,(630)206-3621x0516,58871,2024-02-26,UK,gold,27.15
USR-000119,Molly,Hanna,pittsmary@example.net,713-453-7396,63773,2026-03-19,CA,bronze,33.73
USR-000120,Olivia,Cannon,beverly86@example.com,470.855.4899x071,80321,2025-06-06,US,bronze,53.88
USR-000121,Sarah,Nguyen,terrieverett@example.org,5299331326,34818,2023-09-15,FR,bronze,59.73
USR-000122,Eric,Wright,charles77@example.org,001-329-918-4251x956,57613,2024-12-07,US,platinum,32.1
USR-000123,Rebecca,Rogers,ericschwartz@example.com,(485)487-0630,72189,2025-06-29,FR,gold,54.87
USR-000124,Jennifer,Franklin,laurakelly@example.org,+1-878-697-1535,63995,2026-04-27,CA,bronze,57.99
USR-000125,Robert,Beck,radams@example.net,(250)272-8310x185,71259,2024-01-02,DE,bronze,196.33
USR-000126,Richard,Collins,karen58@example.org,+1-605-680-1088x6797,65977,2023-10-12,US,gold,23.35
USR-000127,Brianna,Griffin,ybennett@example.net,565-933-3477x4963,76150,2026-01-27,UK,bronze,96.88
USR-000128,Dylan,Mcguire,kgillespie@example.net,591-950-2374,32597,2023-01-16,US,bronze,76.61
USR-000129,Lawrence,Morris,dariusroberts@example.com,+1-304-672-6097x9629,47084,2026-05-08,FR,platinum,54.29
USR-000130,Tommy,Young,kgray@example.net,001-559-919-8174x73665,85113,2024-03-30,FR,platinum,17.52
USR-000131,Michael,Cole,william95@example.net,(371)831-9844x496,32372,2025-10-28,FR,bronze,103.24
USR-000132,Luke,Morgan,tim74@example.org,321.323.8487x756,72365,2025-05-20,DE,bronze,70.78
USR-000133,Marissa,Harrison,trevor83@example.org,001-929-500-0590x5451,50280,2023-03-19,FR,platinum,110.2
USR-000134,Michael,Johnson,armstrongjoshua@example.org,562-571-2393x3065,49241,2025-12-27,UK,bronze,86.63
USR-000135,James,Reeves,ledwards@example.net,+1-809-262-8219,69359,2024-01-20,FR,gold,236.42
USR-000136,Tracy,Soto,jgordon@example.org,001-873-876-3097x73983,54491,2021-09-26,FR,gold,67.71
USR-000137,Victor,Hudson,ugordon@example.com,8044450729,80428,2026-01-28,DE,gold,22.01
USR-000138,Jessica,Arellano,parksandre@example.com,+1-832-526-5278x254,02558,2023-04-07,US,bronze,51.89
USR-000139,Kevin,Miller,ronald11@example.com,953.298.7245x819,66826,2024-12-16,FR,platinum,56.54
USR-000140,Kevin,Simpson,kathy80@example.com,765.297.2683,59934,2025-04-22,CA,platinum,64.17
USR-000141,Terri,Bailey,melissaortiz@example.com,221.428.1568x387,63874,2025-12-05,CA,platinum,19.59
USR-000142,Abigail,Cook,jcarroll@example.org,949-524-1371,00831,2025-12-15,DE,bronze,64.47
USR-000143,Ronald,Lee,pooleallison@example.net,306.884.8368,58571,2022-05-30,FR,platinum,358.28
USR-000144,Amanda,Coleman,zwilliams@example.com,955.495.7354x1057,46873,2026-06-28,FR,platinum,25.7
USR-000145,Kelly,White,johnsonamber@example.com,287-423-5784x57208,38266,2026-04-23,US,silver,47.42
USR-000146,Allen,Mitchell,brian74@example.net,316.760.8161,83759,2023-06-09,US,platinum,205.71
USR-000147,Patrick,Kim,deborahsmith@example.com,450.400.4584x089,82577,2023-12-28,US,bronze,27.43
USR-000148,Richard,Snow,mcintoshpatrick@example.net,893-656-5803x6383,64364,2022-04-20,US,gold,124.15
USR-000149,Fred,Cox,washingtonalexandria@example.org,851.542.4496,88475,2024-08-21,FR,bronze,79.0
USR-000150,Kaylee,Blair,michael98@example.org,388-967-2514x096,07176,2024-06-04,CA,silver,45.81
USR-000151,Wayne,West,jimenezalexander@example.net,316.468.8130x38469,72527,2022-01-30,DE,platinum,91.77
USR-000152,Brian,James,jose66@example.org,(973)812-5361x276,23073,2025-06-15,UK,platinum,235.52
USR-000153,Evan,Avila,sarah94@example.com,550-380-9897x173,99911,2023-04-15,UK,bronze,39.88
USR-000154,Tyler,Cantu,englishgerald@example.org,847-616-5044x152,37716,2026-06-12,CA,gold,44.45
USR-000155,Evelyn,Mason,carolmoody@example.net,+1-945-841-9137x804,18200,2021-09-15,CA,platinum,15.34
USR-000156,Jaime,Kelley,seanwheeler@example.com,001-624-227-6074x1464,22830,2023-10-12,US,silver,57.24
USR-000157,David,Bell,eric55@example.com,683-326-2138,90669,2023-05-27,CA,gold,333.87
USR-000158,Charles,Smith,joshua25@example.org,950.456.8808x4820,62211,2021-12-17,US,silver,64.65
USR-000159,Peter,Harris,schwartzjack@example.net,978.513.2672,32461,2022-05-17,UK,bronze,123.47
USR-000160,Robert,Cole,bgonzales@example.net,688-619-4687x74929,80074,2024-08-27,US,gold,27.74
USR-000161,Kristin,Harris,freed@example.org,001-566-484-9053x6678,04662,2022-07-23,FR,platinum,91.28
USR-000162,Randy,Winters,nancywebb@example.net,5535403883,13845,2024-11-15,CA,silver,113.23
USR-000163,Laura,Ortega,huntdaniel@example.com,780-523-6280x193,09933,2022-02-25,FR,bronze,21.52
USR-000164,Joshua,Mcclure,annastephens@example.org,(873)441-5910x660,31392,2025-03-07,US,gold,163.72
USR-000165,Michael,Roberts,sampsonrobert@example.net,(324)478-9225,56371,2026-05-30,CA,platinum,57.1
USR-000166,Cory,Conner,matthewmoses@example.org,908-240-1579,52232,2022-04-13,DE,bronze,37.76
USR-000167,Christina,Mills,elliottcheryl@example.net,(326)886-6508x368,73528,2026-04-03,UK,gold,14.55
USR-000168,Emily,Martin,bobby37@example.org,2874143903,03930,2026-03-03,US,platinum,139.58
USR-000169,Matthew,Tyler,ythompson@example.org,402.347.4857x9888,30783,2022-06-11,US,silver,28.4
USR-000170,Jeremy,Wilson,sheila29@example.org,(629)572-5401,72678,2025-01-08,FR,platinum,55.46
USR-000171,Megan,Phillips,kelly18@example.net,(845)594-7800x7924,52901,2023-08-29,UK,silver,65.45
USR-000172,Carmen,Mills,xkirby@example.net,+1-950-245-8387x5007,81381,2024-07-04,DE,bronze,37.24
USR-000173,Jessica,Wilson,codykoch@example.org,001-659-280-4333x15696,15643,2021-11-05,UK,gold,43.74
USR-000174,Larry,Johnson,vanessasellers@example.com,(306)822-6093,97919,2022-12-25,CA,bronze,36.88
USR-000175,Kathleen,Ross,jerrygray@example.com,9823310171,79414,2025-07-28,US,platinum,50.03
USR-000176,Kenneth,Marshall,brandon19@example.net,+1-795-408-1900x5673,55183,2026-08-04,UK,platinum,62.54
USR-000177,Michael,Wood,pmarsh@example.com,(941)330-2286,07621,2023-08-03,CA,platinum,71.57
USR-000178,Mark,Henderson,kennethjackson@example.org,(977)774-1490x571,25620,2022-05-11,US,platinum,67.2
USR-000179,Jennifer,Shields,rbenson@example.com,(361)858-7898,96012,2024-05-15,DE,gold,55.01
USR-000180,John,Woods,stewartsusan@example.org,742-641-2484,55088,2023-10-20,DE,silver,44.04
USR-000181,Charles,Chambers,scottleblanc@example.com,001-741-990-6695x450,97530,2025-09-03,CA,gold,12.24
USR-000182,James,Smith,bankslaura@example.com,(517)306-1301x1273,87620,2026-05-13,FR,platinum,20.04
USR-000183,Crystal,Santos,pmartin@example.com,496.856.4001x9154,95239,2021-11-20,UK,bronze,47.53
USR-000184,Patricia,Kim,melissajones@example.com,834-424-1147x546,36513,2026-02-24,CA,bronze,24.92
USR-000185,Allison,Martinez,newmanpatricia@example.com,(711)368-4603,82802,2025-02-09,CA,silver,52.67
USR-000186,Christina,Young,jmyers@example.org,001-874-264-5331x64950,42913,2024-10-30,CA,gold,20.13
USR-000187,Keith,Davis,thomaskidd@example.net,234-963-1078,70693,2023-09-29,DE,platinum,47.1
USR-000188,Mary,Curry,dadkins@example.org,+1-983-604-1544,65815,2022-10-21,FR,silver,21.65
USR-000189,Joseph,Walker,wwright@example.net,601.268.5253x1750,74361,2022-09-03,FR,platinum,72.19
USR-000190,Andrew,Barr,holmeschristine@example.net,001-774-709-5290,04762,2024-08-06,US,gold,82.37
USR-000191,Timothy,Duncan,schmidtsergio@example.org,(368)706-3992x4161,35812,2021-10-11,DE,silver,10.67
USR-000192,Hannah,Cummings,fthompson@example.net,+1-990-788-0683x1121,79494,2022-04-19,UK,silver,30.94
USR-000193,Angela,Osborne,jasonsosa@example.org,967-372-5038x56162,34737,2022-01-22,US,silver,49.7
USR-000194,Joshua,Thompson,mlopez@example.com,+1-273-974-2142x0942,78347,2022-10-17,US,gold,71.5
USR-000195,Timothy,Rodriguez,tjones@example.net,925-905-9253x0955,80165,2025-08-09,UK,bronze,22.17
USR-000196,Jasmin,Walker,emily27@example.org,495.372.3816x129,31873,2023-03-16,UK,platinum,40.78
USR-000197,Curtis,Beasley,allenjared@example.org,6756350246,93754,2025-04-05,FR,platinum,54.57
USR-000198,Dale,Clark,howardchase@example.org,+1-573-385-7094,33079,2024-01-02,UK,silver,49.08
USR-000199,Tracey,Proctor,nbenjamin@example.com,+1-221-531-6822x608,59008,2021-12-09,US,silver,160.93
USR-000200,Daniel,Hall,tkirby@example.com,001-398-383-8037x473,29773,2025-07-26,CA,silver,42.28
USR-000201,Sean,Lambert,randall45@example.com,507-670-0535x5882,72822,2025-03-21,CA,platinum,83.99
USR-000202,Elizabeth,Maxwell,contreraslisa@example.net,+1-738-950-2847x7982,97012,2023-05-16,CA,silver,86.31
USR-000203,Steven,Gay,gcarrillo@example.com,230.870.6667,28440,2025-06-06,FR,bronze,41.34
USR-000204,Jesse,Garcia,higginsheidi@example.org,001-355-530-9373,34007,2025-01-10,FR,platinum,63.76
USR-000205,Jerry,Vasquez,kaufmanalan@example.org,493.206.1892x0045,62998,2022-04-27,UK,silver,107.15
USR-000206,Colin,White,shane42@example.com,(284)773-2550x65299,94414,2026-01-22,CA,bronze,24.32
USR-000207,Patrick,Herman,hweber@example.org,2725095789,41628,2025-01-29,DE,bronze,12.23
USR-000208,Jacqueline,Smith,carrollkaren@example.com,+1-944-656-5781,39091,2026-08-01,US,platinum,33.63
USR-000209,Arthur,Edwards,housecynthia@example.org,(756)574-0920x167,05145,2026-03-24,US,silver,91.3
USR-000210,Andrew,Walker,michelle14@example.org,(680)667-0914x465,01229,2026-06-26,CA,platinum,25.37
USR-000211,Alexander,Preston,johnsonjennifer@example.com,(749)876-8348x752,02981,2023-01-05,DE,silver,32.21
USR-000212,Paula,Carpenter,michelefoster@example.org,376-401-3807x95118,88003,2026-01-24,FR,silver,44.25
USR-000213,Laura,Cruz,erinwatson@example.net,+1-915-695-9043x15071,09827,2024-10-05,DE,platinum,79.45
USR-000214,Gabriela,Castillo,ugates@example.net,(431)703-2319x7670,40778,2026-06-03,UK,gold,86.63
USR-000215,Cory,Hicks,joshua96@example.com,(389)524-4183x281,58688,2024-10-06,FR,gold,11.89
USR-000216,Joseph,Reese,katrina92@example.net,659.814.4894x009,45033,2025-11-09,FR,silver,7.98
USR-000217,Michelle,Scott,yyoung@example.net,(948)887-8073,87805,2024-10-17,DE,silver,58.51
USR-000218,Linda,Barnes,melissa73@example.com,405.934.2519x18716,40689,2023-10-23,FR,bronze,103.51
USR-000219,Lindsay,Reynolds,smolina@example.net,491-793-5264,76111,2024-11-21,US,gold,48.19
USR-000220,Cheryl,Wilson,fhancock@example.org,256.675.9105x63967,36869,2025-07-12,DE,platinum,44.4
USR-000221,Tim,Olson,nelsonmichael@example.com,202.750.1554x494,60570,2025-08-30,CA,platinum,191.29
USR-000222,David,Price,tracydodson@example.com,001-484-255-5766x3354,93376,2026-02-15,UK,gold,12.85
USR-000223,Matthew,Key,stephanie07@example.org,672.482.7695x8870,96888,2026-01-04,FR,gold,55.66
USR-000224,Toni,Montoya,youngsara@example.net,+1-602-576-4482,91198,2023-05-28,UK,bronze,42.58
USR-000225,Brian,Olson,bpham@example.com,377.878.4247,38240,2024-06-03,UK,platinum,79.04
USR-000226,Calvin,Rodriguez,shirleypatterson@example.com,8723592501,46203,2023-09-27,CA,bronze,22.87
USR-000227,Thomas,Brown,jaredmendoza@example.org,5819334902,39776,2022-10-05,US,silver,30.02
USR-000228,Marie,Reynolds,katherineramirez@example.com,380-316-9599,85024,2025-01-27,CA,silver,24.57
USR-000229,Ashley,Turner,benjamin11@example.net,(787)391-4659,11263,2024-11-13,US,silver,112.03
USR-000230,Anthony,Lopez,annabullock@example.org,(596)966-9423x943,47326,2026-01-02,US,bronze,107.16
USR-000231,Erica,Mcclure,olivia88@example.com,(937)473-4850x3027,90125,2025-07-26,UK,gold,21.36
USR-000232,Wendy,Johnston,moralesmichael@example.com,(932)467-9924x483,52218,2026-05-17,US,silver,202.14
USR-000233,Jennifer,Farmer,plawrence@example.net,689.949.1286x72877,71066,2023-07-09,FR,gold,79.88
USR-000234,Christina,Williams,ramosjanet@example.org,+1-269-465-2415x731,02893,2023-01-11,CA,silver,30.99
USR-000235,Joseph,Bush,stevenscurtis@example.org,(794)933-7026,69852,2026-03-21,CA,platinum,266.8
USR-000236,Kelly,Foster,louis19@example.org,(531)310-1584x567,29192,2023-12-27,CA,bronze,80.05
USR-000237,Heather,Ramsey,benitezheather@example.com,001-231-475-6073,14087,2025-02-17,CA,bronze,33.52
USR-000238,Isabel,Cuevas,nlewis@example.org,+1-470-410-1492x621,95655,2024-12-27,CA,bronze,47.99
USR-000239,Jose,Mcgrath,hjones@example.com,649-966-0251x43580,11440,2021-12-03,FR,platinum,5.47
USR-000240,Angela,Castaneda,fryematthew@example.org,631-919-5960x27693,64036,2024-08-20,FR,silver,24.81
USR-000241,Robert,Boone,roberta56@example.org,875-304-2246x40694,96040,2025-05-27,CA,bronze,52.34
USR-000242,Matthew,Scott,rodgerserik@example.com,214-388-1605,74887,2024-02-06,UK,gold,35.06
USR-000243,Kristi,Rivera,kwilliams@example.com,686.450.4441x4429,98637,2023-08-16,UK,bronze,154.8
USR-000244,Krystal,Smith,gravesmelanie@example.org,413-678-6268x49704,08728,2023-08-28,UK,bronze,64.2
USR-000245,Anna,Wagner,edward07@example.com,+1-981-470-0681x43659,88541,2026-04-06,DE,bronze,77.34
USR-000246,Caitlin,Santos,vmyers@example.org,+1-905-741-7150x07601,99823,2026-05-30,UK,silver,80.97
USR-000247,Jennifer,Herrera,smithshane@example.com,+1-342-884-5576,63834,2024-01-06,DE,gold,52.02
USR-000248,Brandon,Patterson,haileymunoz@example.org,(483)349-1430,47998,2022-05-24,FR,platinum,35.62
USR-000249,Stephanie,Mcgee,mnichols@example.com,640.989.1205x994,82820,2025-12-29,CA,bronze,155.94
USR-000250,Peter,Navarro,davisemily@example.org,962-208-3610x88025,09658,2025-11-07,DE,silver,7.08
USR-000251,Nancy,Jackson,mossraymond@example.org,903.855.9591x516,99234,2021-12-26,FR,gold,39.24
USR-000252,Janet,Hernandez,wliu@example.net,(436)402-5368x7320,43260,2025-12-20,US,silver,30.68
USR-000253,Michael,Trujillo,hughesjoseph@example.net,287.238.7183x410,57781,2023-07-20,UK,silver,129.2
USR-000254,Amber,Robertson,melissafischer@example.net,200.946.0356,05501,2023-07-10,UK,bronze,15.45
USR-000255,Annette,Sweeney,thomashanson@example.org,947-290-5830x4702,21447,2025-11-05,CA,bronze,62.88
USR-000256,Ronald,Richardson,adamraymond@example.org,601-498-5754x73880,64033,2023-02-20,CA,bronze,57.29
USR-000257,Patrick,Dixon,kristen72@example.com,732-405-2851x55013,33648,2023-12-11,FR,platinum,72.8
USR-000258,Christopher,Kim,xchambers@example.com,2517391841,98629,2022-01-24,FR,silver,25.8
USR-000259,Keith,Martinez,vasquezcrystal@example.org,451-856-9933x276,74131,2024-06-17,CA,silver,234.78
USR-000260,Samantha,Baker,williamhood@example.org,2927523906,54604,2022-08-06,CA,gold,100.5
USR-000261,Lisa,Gonzales,kevinhess@example.org,373.594.9125,56895,2023-07-20,FR,bronze,92.79
USR-000262,Justin,Lopez,jared65@example.net,001-231-745-9456x815,14769,2026-03-08,US,gold,122.91
USR-000263,Patrick,Hall,fergusonchristina@example.net,563.330.2304x2333,87193,2024-06-14,US,platinum,53.61
USR-000264,Adam,Thomas,bishopjennifer@example.org,904.200.4386x6684,65990,2024-11-11,FR,silver,143.64
USR-000265,Paul,Rojas,uedwards@example.net,+1-266-436-8053x738,26878,2022-07-20,FR,platinum,38.46
USR-000266,Melissa,Elliott,davislaura@example.net,+1-824-477-0751,14173,2021-08-13,FR,bronze,20.73
USR-000267,William,Garrett,zfranco@example.com,328.416.8960x06688,64247,2024-07-17,FR,gold,145.42
USR-000268,Larry,Glenn,george46@example.com,906.281.7922x41997,28936,2022-03-21,FR,gold,145.96
USR-000269,Angela,Schmidt,angelica09@example.net,(644)887-8904x833,42223,2024-04-19,UK,silver,165.62
USR-000270,Samantha,Ellis,paulwhite@example.org,980-666-6405,29673,2024-10-20,UK,platinum,101.77
USR-000271,Amanda,Hardy,wilkinsonjason@example.net,(953)271-2688,38162,2026-07-27,DE,silver,12.03
USR-000272,Christopher,Buchanan,tommy13@example.net,001-673-614-2175x6247,32777,2022-08-01,DE,platinum,13.57
USR-000273,Daniel,Cherry,shannonbowen@example.org,(697)866-2084x078,33670,2026-02-01,CA,gold,37.19
USR-000274,Kathryn,Rivera,yphillips@example.org,799-778-5652,87531,2025-11-15,UK,gold,11.42
USR-000275,Edward,Cook,lmorales@example.net,(699)207-2267,57314,2024-12-07,CA,silver,8.97
USR-000276,Corey,Hays,damon82@example.com,001-838-468-8339x238,20834,2023-05-24,DE,silver,45.51
USR-000277,Nicole,Henderson,alopez@example.com,203-656-5748,26816,2024-01-21,CA,gold,287.57
USR-000278,Sara,Mccarthy,robertcastillo@example.net,(806)300-1266x460,37822,2024-08-17,US,silver,99.44
USR-000279,Barry,Meadows,smithcarla@example.com,(659)854-5430x0178,17578,2024-11-15,UK,bronze,25.3
USR-000280,Misty,Acosta,lindasmith@example.net,822-858-9873x07321,49458,2025-09-15,FR,bronze,168.57
USR-000281,Rachel,Hudson,williamsseth@example.net,+1-461-717-1340,04895,2026-05-10,DE,platinum,10.36
USR-000282,Richard,Thompson,ymcknight@example.com,249.746.5265,25727,2023-01-09,US,silver,67.95
USR-000283,Pamela,Powers,christopher60@example.org,459.253.8875x59875,34622,2025-03-22,CA,bronze,51.98
USR-000284,Emily,Keith,suzannebrandt@example.net,(430)916-4303,60529,2025-02-15,US,bronze,130.3
USR-000285,Kenneth,Hampton,jeremyrobbins@example.org,001-645-978-6740,60062,2022-04-01,US,bronze,63.65
USR-000286,Daisy,Duran,robin72@example.net,634.619.0671x00997,23273,2024-09-02,CA,silver,24.44
USR-000287,Frederick,Hudson,grayjordan@example.org,(282)465-8597,37749,2024-03-07,DE,bronze,11.44
USR-000288,Charles,Peterson,terrence99@example.org,(584)634-5651x234,36576,2021-11-18,DE,bronze,91.7
USR-000289,Misty,Holt,perrydenise@example.org,001-239-959-4357x8459,27930,2026-08-03,US,silver,45.84
USR-000290,Jessica,Martinez,charlesgarcia@example.org,(664)921-8154,73065,2024-02-17,UK,platinum,37.33
USR-000291,Jeff,Marshall,dwilliams@example.com,5704950626,58668,2023-08-17,DE,bronze,50.85
USR-000292,Sarah,Reeves,davidcook@example.org,5799804707,79703,2026-03-24,CA,platinum,17.14
USR-000293,Victor,Alvarado,isabellapearson@example.net,001-796-636-9184,35589,2022-02-20,UK,bronze,17.98
USR-000294,Erika,Willis,tinarocha@example.com,001-392-782-6290x165,79573,2025-03-21,DE,silver,24.43
USR-000295,Lee,Olson,sean87@example.org,(953)733-1793x134,50691,2026-01-01,DE,platinum,305.45
USR-000296,Christina,Henderson,villarrealnoah@example.net,8216000278,87390,2024-08-27,US,silver,89.98
USR-000297,Anna,Barron,abrown@example.com,225-738-0631,28781,2026-01-14,FR,gold,37.74
USR-000298,Mary,Reyes,georgehawkins@example.net,001-927-746-2268,25985,2022-01-17,DE,gold,27.11
USR-000299,Julie,Bailey,katherine38@example.com,(607)657-9314,86240,2024-08-24,US,platinum,5.31
USR-000300,Lisa,Lloyd,ukeller@example.net,001-462-943-8409,59058,2026-04-23,UK,bronze,121.31
USR-000301,Charles,Kelly,elizabethgutierrez@example.com,3702518251,25600,2022-01-18,CA,platinum,35.09
USR-000302,Amanda,Chavez,woodsbeth@example.com,756-261-9667x601,94398,2022-12-14,FR,gold,51.3
USR-000303,Joseph,Smith,smithjacob@example.net,(457)964-7566x573,63375,2026-06-22,US,platinum,109.9
USR-000304,Christopher,Brown,hamiltonmark@example.org,001-323-830-9462x14706,44333,2022-09-14,UK,gold,135.03
USR-000305,Mary,Ford,morriskimberly@example.com,(589)207-8162,75933,2025-08-14,UK,bronze,56.38
USR-000306,Nicholas,Bell,mendozamichele@example.org,(361)369-0367x05904,60810,2024-11-20,US,platinum,83.48
USR-000307,Audrey,Bond,bramos@example.net,819.294.6709,72525,2023-11-28,CA,gold,75.02
USR-000308,Christina,Wilcox,edwardroy@example.net,408.678.8477,28916,2023-11-17,CA,gold,64.59
USR-000309,Christy,Andersen,bmedina@example.org,948.723.0097x154,77887,2026-07-18,UK,gold,14.97
USR-000310,Allen,Burnett,melissapham@example.org,(472)411-5678x1408,39006,2025-05-13,CA,gold,18.36
USR-000311,Richard,Hurley,davidsonshannon@example.com,509-342-3159x63781,86177,2025-10-01,CA,platinum,66.91
USR-000312,Bryan,Rodriguez,fletcherpatrick@example.net,6046790464,08363,2025-06-14,US,silver,40.12
USR-000313,Faith,Payne,corey39@example.com,(278)291-1926,82241,2024-02-08,FR,gold,100.44
USR-000314,Victoria,Bernard,davidsonmargaret@example.net,944-916-6611,90263,2022-05-12,CA,platinum,60.08
USR-000315,Chelsea,Martin,ortizmichelle@example.org,+1-605-985-8240,64008,2025-02-28,DE,silver,23.95
USR-000316,Bridget,Park,athompson@example.org,903.715.1861,77765,2024-05-24,UK,bronze,54.71
USR-000317,Ryan,Mejia,cheryl76@example.com,+1-219-349-5832x5199,01814,2022-04-13,UK,platinum,90.94
USR-000318,Michelle,Powell,josedean@example.org,(477)870-8594,66843,2022-06-18,US,platinum,86.15
USR-000319,Christina,Paul,joseph44@example.net,(913)880-1155,79409,2022-12-26,FR,bronze,125.15
USR-000320,Cory,Sheppard,clarkamy@example.com,(332)937-5083x973,42393,2026-02-02,US,gold,72.2
USR-000321,Lisa,Hernandez,dylanyoung@example.net,(813)495-7965,72814,2021-08-19,DE,platinum,91.66
USR-000322,James,Walker,smithjenna@example.net,858-404-8294x07828,48383,2025-04-11,DE,gold,28.86
USR-000323,Adrienne,Goodman,michellecurry@example.org,001-462-458-7360x80558,55297,2022-04-27,DE,platinum,36.87
USR-000324,James,Mann,stantonvictoria@example.com,6113532703,37934,2026-04-16,DE,platinum,105.72
USR-000325,Scott,Buckley,irosales@example.net,001-263-771-3799x870,33029,2024-02-18,US,gold,440.0
USR-000326,Amber,Aguilar,yatesjanet@example.net,001-439-765-7537x64451,50760,2022-05-17,US,gold,375.36
USR-000327,Gary,Smith,kristeningram@example.com,+1-242-899-6138x07186,75251,2024-07-25,FR,bronze,48.18
USR-000328,Denise,Jacobs,matthew06@example.net,438.929.2162x98604,66934,2023-06-20,FR,bronze,23.46
USR-000329,Tyler,Lindsey,sanchezdebra@example.net,8566956250,10110,2022-04-21,FR,platinum,23.25
USR-000330,Luis,Payne,byrdsherry@example.net,001-886-208-1107x14923,32546,2025-07-02,DE,bronze,42.08
USR-000331,Robert,Johnson,tina84@example.com,001-543-372-1326x77638,94231,2024-07-16,CA,platinum,29.21
USR-000332,Gabriella,Gordon,jesse43@example.org,001-297-397-5684x21818,69393,2025-11-04,FR,silver,26.09
USR-000333,Thomas,Ford,reevesheather@example.org,212-565-9746,08006,2022-04-04,DE,silver,15.82
USR-000334,Jason,Anderson,crose@example.org,423-227-5888x1185,54831,2022-09-11,US,silver,29.99
USR-000335,Melody,Wilson,david72@example.com,289-210-9531,09603,2023-11-25,DE,platinum,322.26
USR-000336,Donna,White,caleb62@example.org,380.613.7020,01141,2021-12-22,US,bronze,117.21
USR-000337,Ruth,Ramirez,tmiller@example.org,(207)872-7204x5098,96946,2025-10-25,FR,platinum,32.13
USR-000338,Jamie,Jennings,jeremy35@example.org,662-862-5104,16166,2024-01-11,UK,bronze,27.1
USR-000339,Austin,Kline,patrickstacey@example.org,432.609.6730,00516,2023-12-28,FR,platinum,13.13
USR-000340,Clarence,Kirby,ashley66@example.com,939.603.6385,26795,2022-09-16,CA,platinum,221.41
USR-000341,Craig,Flores,parkanthony@example.net,316-626-7501x4683,51793,2023-06-01,UK,silver,29.02
USR-000342,Tammy,Harrington,beckymack@example.com,(484)564-2018x190,22676,2021-08-12,DE,bronze,36.65
USR-000343,Nicholas,Bailey,sullivanalfred@example.net,875-907-5192,62519,2024-10-09,US,platinum,90.6
USR-000344,Leah,Ramirez,mccluredeborah@example.net,(984)439-6568,01832,2022-04-24,DE,platinum,107.56
USR-000345,Adam,Bruce,bmiller@example.org,(953)647-6414x4271,44687,2022-09-10,CA,bronze,27.25
USR-000346,Michelle,Cox,michael80@example.org,(790)869-5473,33829,2022-04-12,FR,silver,126.31
USR-000347,Shane,Taylor,james10@example.net,6988245081,87665,2023-02-01,FR,bronze,101.09
USR-000348,Blake,Huff,ssmith@example.org,606.302.2525x5313,59497,2023-09-16,FR,silver,52.81
USR-000349,Victoria,Payne,kevin17@example.com,401-363-7905x848,58908,2022-07-17,DE,gold,94.54
USR-000350,James,Fischer,gmontgomery@example.org,001-882-996-5612x06464,49787,2022-11-25,US,platinum,73.3
USR-000351,Angela,Kelly,markwilliams@example.com,(401)843-9992x570,16204,2021-08-23,UK,gold,15.98
USR-000352,Abigail,Fuller,kingallison@example.org,252-703-2865x91819,24837,2024-04-02,CA,bronze,12.31
USR-000353,Jamie,Jacobs,hornmatthew@example.org,(973)908-3038x84016,53172,2024-07-25,FR,silver,64.06
USR-000354,Heather,Pitts,navarromark@example.com,797-609-5744,03712,2025-11-07,UK,gold,162.46
USR-000355,Brittany,Mcneil,prestonjohn@example.com,(973)484-3155x67695,74320,2023-06-28,DE,platinum,16.79
USR-000356,Jillian,Perez,qrobinson@example.org,303.591.9056x6514,40896,2022-07-23,CA,bronze,148.47
USR-000357,Patricia,Sanders,edwardray@example.net,468.616.0519x170,24891,2025-12-06,DE,silver,66.53
USR-000358,Ronald,Allen,jessica37@example.org,+1-301-531-8434,45649,2025-11-25,UK,silver,66.32
USR-000359,Timothy,Wilson,jbrady@example.com,511-647-6207,60959,2024-04-18,UK,silver,267.84
USR-000360,Norma,Christensen,larry45@example.com,(547)931-1688x59266,84005,2025-03-26,US,platinum,80.68
USR-000361,Alexander,Oneill,jeffrey30@example.org,685-378-1656x0880,67119,2025-01-08,DE,bronze,41.2
USR-000362,Benjamin,Dodson,juangould@example.net,(888)226-1734,71949,2023-11-21,UK,silver,82.96
USR-000363,Kathryn,Hamilton,christianelliott@example.net,281-637-2293,44981,2021-08-20,FR,bronze,9.45
USR-000364,Jermaine,Parsons,joshuarodriguez@example.org,(547)564-9273x8681,95929,2023-12-23,UK,silver,327.27
USR-000365,David,Hale,xpacheco@example.net,581-255-3925,23426,2022-01-16,US,gold,88.14
USR-000366,Raymond,Brown,pearsonjohn@example.com,678-276-0287,62377,2022-05-27,US,silver,45.01
USR-000367,Robin,Jennings,smithheather@example.org,001-516-978-1288,80400,2024-10-08,DE,bronze,21.33
USR-000368,Carolyn,Fernandez,shellycowan@example.net,(527)781-4695,32624,2025-09-27,FR,bronze,71.29
USR-000369,Robert,Black,johnlevy@example.org,8724486115,30804,2026-07-27,US,platinum,29.4
USR-000370,Lisa,Price,brownbarbara@example.com,201.541.2804x4712,99759,2023-09-14,CA,platinum,68.21
USR-000371,Justin,Griffin,richard37@example.net,+1-786-317-3277x6063,93024,2022-10-20,UK,gold,119.67
USR-000372,Angela,Heath,simmonskendra@example.com,569-984-3663,97669,2025-10-10,US,bronze,47.69
USR-000373,Nathan,Norman,michael57@example.com,578.959.2945x8361,38726,2023-03-01,FR,gold,100.99
USR-000374,Nancy,Mckee,katherinetanner@example.com,8429445025,84443,2021-11-29,US,bronze,44.71
USR-000375,David,Mendoza,christineclarke@example.net,+1-581-461-0376,77715,2023-01-23,DE,platinum,46.08
USR-000376,Jeffrey,Sparks,torrestravis@example.org,+1-826-398-0865x5108,81073,2025-09-24,US,silver,109.09
USR-000377,Steven,Hooper,vcharles@example.net,493.913.2940,48623,2024-07-17,US,platinum,33.2
USR-000378,Hunter,Winters,clayrichard@example.com,(955)274-8632x810,45180,2023-07-29,UK,platinum,69.85
USR-000379,Monica,Rogers,timothy84@example.org,3967006616,25886,2026-07-09,UK,gold,406.45
USR-000380,Scott,Sullivan,kellysteele@example.com,+1-779-918-1433x697,44069,2025-11-02,CA,gold,18.33
USR-000381,Michael,Long,cruzjames@example.org,(805)233-8824x99696,72162,2025-02-14,FR,bronze,27.85
USR-000382,Melissa,Swanson,palmerkatherine@example.net,+1-604-914-0363,34592,2023-04-09,US,silver,60.82
USR-000383,Devin,Paul,veleznichole@example.com,+1-402-329-3094x431,26361,2022-12-22,DE,platinum,82.89
USR-000384,Melissa,Morris,mlawson@example.org,5722566872,50516,2024-10-21,CA,gold,30.46
USR-000385,Shelley,Bailey,scottjones@example.net,(710)541-3677x767,97937,2022-03-30,UK,bronze,40.69
USR-000386,Stephanie,Nelson,dmendoza@example.org,001-267-655-7912,44342,2022-12-03,DE,gold,54.71
USR-000387,Andrew,Martin,rachel38@example.net,826.897.6941x36674,79474,2025-12-17,FR,platinum,412.97
USR-000388,April,Mendoza,fhall@example.com,283-659-0949,38646,2022-11-26,UK,bronze,109.25
USR-000389,Joshua,Ellis,ttaylor@example.com,627-286-1095x47287,60318,2023-03-11,FR,silver,29.51
USR-000390,Christopher,Austin,huynhpatrick@example.org,378.228.0356,73878,2024-11-11,DE,platinum,27.96
USR-000391,Nathan,Simpson,usmith@example.com,(901)639-9392x567,89171,2025-08-26,CA,silver,45.61
USR-000392,Lisa,Davis,estrickland@example.net,(526)367-8616x3386,32192,2021-08-26,DE,platinum,38.07
USR-000393,James,Garner,randerson@example.net,764.509.4665x49770,52162,2023-02-01,UK,gold,66.72
USR-000394,Tamara,Pratt,tammy54@example.org,(417)562-0801,33880,2026-03-11,CA,silver,19.7
USR-000395,Frank,Smith,clarkebridget@example.org,(236)250-4568x696,10938,2024-08-10,CA,silver,279.27
USR-000396,Nancy,Lopez,dean40@example.com,857-358-4276,85914,2025-08-28,CA,bronze,40.53
USR-000397,Timothy,Olsen,lindaperez@example.com,(894)420-1844x57661,75904,2025-10-22,DE,platinum,72.76
USR-000398,Robin,Wise,simonjuan@example.org,718.441.7326,28281,2022-11-18,FR,silver,9.31
USR-000399,Yvette,Wood,juan12@example.net,6382467264,10479,2025-12-19,DE,platinum,64.15
USR-000400,Sherry,Molina,janicedixon@example.net,843-453-5425,70355,2024-12-11,DE,platinum,71.72
USR-000401,Roberto,Adkins,crawfordveronica@example.org,001-738-247-5134x07491,49561,2025-02-04,DE,bronze,36.31
USR-000402,Amanda,Novak,brett55@example.com,(951)520-6906x11959,84279,2023-10-20,FR,silver,93.18
USR-000403,Mark,Gibbs,davidnichols@example.com,439-544-2805x4009,14586,2024-06-23,CA,silver,29.67
USR-000404,Sarah,Williams,pcastro@example.org,739-700-3432x92620,93430,2023-06-10,US,bronze,22.21
USR-000405,Michael,Hebert,gfuentes@example.com,+1-675-565-7833x939,09891,2021-09-30,DE,platinum,13.15
USR-000406,Evelyn,Miller,kathleen87@example.net,(980)595-7283,02089,2025-01-05,US,gold,163.95
USR-000407,Charles,Morrison,ocervantes@example.net,001-484-760-7456,89487,2025-05-02,US,gold,123.76
USR-000408,Danielle,Smith,rhondawest@example.net,+1-987-758-7509x8020,87403,2026-02-18,CA,gold,26.03
USR-000409,Brandon,Morales,tannertina@example.org,001-406-248-4773,20036,2023-02-03,FR,platinum,148.58
USR-000410,Laura,Summers,alexander73@example.net,497-218-9011,99760,2022-07-31,US,platinum,207.24
USR-000411,Raymond,Browning,mosschristine@example.net,526-716-6647x107,24480,2023-10-26,DE,gold,139.89
USR-000412,Robert,Taylor,stephensdaniel@example.net,001-230-201-6183x21529,65026,2023-01-29,CA,bronze,56.68
USR-000413,Lindsay,Reyes,rdawson@example.org,8869042831,18889,2022-08-30,CA,bronze,67.38
USR-000414,Melissa,Turner,valerie71@example.org,(306)606-7377x8892,16524,2024-04-26,DE,platinum,126.51
USR-000415,Benjamin,Stevens,gordonjonathan@example.net,+1-901-817-0564,97520,2023-04-04,FR,gold,69.32
USR-000416,Crystal,Gibson,shannon03@example.net,267.559.4791,97793,2025-09-22,CA,bronze,273.85
USR-000417,Timothy,Campbell,nedwards@example.org,+1-604-453-3430,03914,2025-07-16,DE,silver,75.59
USR-000418,Melinda,Smith,philiphammond@example.com,347-353-9641x63825,62249,2025-11-14,US,platinum,73.87
USR-000419,Donald,Andersen,briancameron@example.com,821.372.6330x80480,14566,2022-06-07,FR,platinum,327.37
USR-000420,Michael,Smith,jacqueline30@example.com,377-921-1271x68109,54970,2026-02-07,UK,bronze,12.98
USR-000421,Terri,Durham,christopherhernandez@example.com,637.811.0706x8686,97255,2025-10-05,UK,platinum,14.97
USR-000422,Craig,Kennedy,michaellawson@example.com,(989)953-7425x25776,99250,2022-09-15,UK,silver,50.79
USR-000423,Maria,Brooks,ysims@example.org,723.270.1409,89483,2023-10-20,DE,bronze,53.63
USR-000424,Debbie,Jones,oliversonya@example.net,+1-732-730-4772x59611,90507,2025-01-09,US,platinum,174.97
USR-000425,Michele,Hall,christopher29@example.net,001-206-728-8156x60309,11491,2024-10-18,CA,platinum,12.12
USR-000426,Jason,Galvan,lisa36@example.org,368-808-7793x47244,61287,2023-07-17,CA,bronze,24.08
USR-000427,Clinton,Herrera,john96@example.com,442.793.2683x4870,14164,2023-09-15,FR,bronze,72.92
USR-000428,Gary,Mckinney,hawkinsmichael@example.net,(762)377-3312,17623,2024-12-14,CA,silver,50.55
USR-000429,Stephanie,Castro,zlong@example.org,404-619-7447x652,53052,2025-10-29,CA,gold,120.03
USR-000430,Richard,Yates,gutierrezgregory@example.com,(217)713-5284x547,01432,2024-09-24,DE,gold,29.32
USR-000431,Michael,Wilkerson,felicia80@example.com,(864)287-8413x83127,65434,2024-04-12,DE,platinum,40.23
USR-000432,Jimmy,Bell,amber24@example.com,(548)681-6035,14641,2024-01-15,US,platinum,47.25
USR-000433,Isabel,Gomez,qrodriguez@example.org,391-401-4739,76126,2024-02-19,FR,bronze,180.34
USR-000434,Denise,Shepard,april48@example.net,3127771277,50986,2024-11-02,FR,gold,59.76
USR-000435,Wendy,Lee,whitakercody@example.com,447-294-0803x0892,53238,2022-11-28,UK,gold,62.77
USR-000436,Collin,Williamson,vnguyen@example.com,8297376452,73258,2023-11-13,US,gold,21.77
USR-000437,David,Smith,johnjohns@example.com,(226)200-8059x80188,92120,2022-11-03,US,gold,166.21
USR-000438,Aaron,Pennington,imedina@example.com,472.420.3071x08169,27379,2025-12-20,UK,platinum,77.29
USR-000439,Brittany,Gray,xjackson@example.com,951-498-0702,81719,2024-12-01,US,platinum,13.78
USR-000440,Marie,Neal,melinda28@example.com,958.634.9263,81210,2023-03-22,DE,bronze,5.51
USR-000441,Chelsea,Brown,kelseyfrancis@example.org,(358)885-7283x463,11202,2024-11-30,US,gold,36.37
USR-000442,Anthony,Morris,bdiaz@example.net,+1-929-761-4990x9416,82711,2024-11-23,FR,gold,80.21
USR-000443,Denise,Lopez,hillmelissa@example.net,718-691-7284,70760,2025-04-18,US,bronze,107.68
USR-000444,Joseph,Scott,johnstongrant@example.org,+1-286-258-0720,47096,2023-11-20,DE,silver,264.28
USR-000445,Andrew,Hudson,nmitchell@example.net,+1-657-852-9255x56808,79116,2025-03-31,US,silver,70.15
USR-000446,Aaron,Morgan,andersonjason@example.org,224-894-7002x519,85812,2023-11-05,FR,platinum,81.04
USR-000447,Don,Benson,xwilliams@example.com,001-572-748-7747x630,58103,2022-04-06,US,platinum,57.59
USR-000448,Amanda,Johnson,trevinoemily@example.org,001-463-447-4180x420,26028,2021-09-05,DE,gold,9.49
USR-000449,Kimberly,Elliott,stephen36@example.net,001-728-876-5755x52586,71359,2023-05-27,US,platinum,30.06
USR-000450,Jenny,Simmons,gadams@example.com,626.848.7130x00255,84527,2022-12-05,FR,silver,35.97
USR-000451,Melinda,Allen,whowell@example.org,001-648-744-7041,05118,2023-03-31,CA,bronze,295.98
USR-000452,Julie,Lewis,timothysimmons@example.com,+1-711-781-9613x8759,74405,2022-12-31,DE,gold,52.49
USR-000453,Gregory,Warren,ortegajohn@example.net,(241)399-7711,94063,2025-01-26,FR,platinum,125.37
USR-000454,Scott,Bowers,shelley36@example.org,589-809-8592x714,75663,2025-06-14,FR,bronze,68.55
USR-000455,Thomas,Lutz,tanyatorres@example.com,(888)693-8616x1877,95813,2023-03-09,UK,silver,24.23
USR-000456,Emily,Fernandez,christophermontgomery@example.net,721-979-0053x12605,39716,2021-11-29,CA,platinum,44.37
USR-000457,Rebecca,Cooley,sara95@example.net,001-976-595-5912x68130,59617,2025-12-08,FR,gold,65.91
USR-000458,Daniel,Meyer,michaelsellers@example.org,(234)459-2325,38377,2023-05-04,UK,silver,100.58
USR-000459,Mary,Jones,cannonvictoria@example.net,943.251.4928x632,20667,2022-08-18,US,bronze,69.63
USR-000460,Steven,Walters,andersonjulia@example.org,(807)563-4433x4602,32697,2025-03-23,UK,platinum,223.0
USR-000461,Raymond,Jones,llittle@example.net,+1-470-525-2151x43517,88129,2023-07-05,CA,silver,25.28
USR-000462,William,Williams,amanda26@example.org,+1-223-854-7224x0553,10575,2026-05-30,UK,gold,17.29
USR-000463,Victoria,Salazar,adamsdiana@example.net,(275)723-4087,55397,2024-05-31,US,silver,15.17
USR-000464,Rachel,Riddle,jefferydiaz@example.com,(938)659-8182x8439,69952,2025-07-21,FR,gold,125.93
USR-000465,Bethany,Williams,jennifer73@example.org,707.292.6609x40447,13947,2023-11-17,DE,platinum,20.94
USR-000466,Leonard,Cook,ureed@example.net,+1-490-665-8697x223,24314,2021-10-23,CA,gold,114.44
USR-000467,John,Brown,hannahandrews@example.org,(497)813-6359x11420,14763,2022-04-09,US,gold,82.69
USR-000468,Drew,Moore,wshelton@example.org,602-545-4224x922,03431,2022-05-06,FR,gold,16.57
USR-000469,Heather,Schroeder,smithcolin@example.org,389.528.2435x097,44495,2022-10-02,FR,platinum,56.12
USR-000470,Evan,Morris,fwilson@example.com,(294)984-6764,60580,2024-07-02,US,platinum,27.83
USR-000471,Michael,Bennett,adam30@example.net,309.706.3360x273,55953,2023-12-14,CA,platinum,122.5
USR-000472,Jennifer,Fisher,xreese@example.org,(429)624-5989x77738,25961,2026-05-02,CA,bronze,81.24
USR-000473,Eric,Ramirez,brookemartin@example.org,833.481.3852x23590,64116,2025-01-04,US,bronze,44.09
USR-000474,Kelsey,Hensley,samantha01@example.com,212-545-2292x4567,75904,2025-02-18,UK,gold,28.22
USR-000475,Rebecca,Terry,austin62@example.net,+1-933-774-1535x833,82308,2021-12-31,DE,gold,77.3
USR-000476,Rebecca,Howe,petersonkathryn@example.net,+1-445-587-5950x8257,24343,2025-04-22,UK,silver,199.75
USR-000477,Erin,Smith,asmith@example.org,+1-969-748-4674,22545,2025-04-26,CA,platinum,57.63
USR-000478,Corey,Kelley,stephanie65@example.org,+1-469-722-7025,83750,2024-12-10,DE,gold,32.63
USR-000479,Joseph,Garrett,reesebryan@example.com,(662)241-2667x680,97359,2023-03-02,FR,silver,20.37
USR-000480,Richard,Webb,jamesunderwood@example.org,553-620-6543x2614,08189,2025-01-29,FR,gold,34.24
USR-000481,Rebecca,Randall,timothyreed@example.net,731-509-1568x309,95738,2026-06-11,FR,bronze,68.67
USR-000482,Christian,Huerta,victoriamartin@example.com,697-447-8706x764,66857,2023-09-02,FR,platinum,38.03
USR-000483,Sharon,Hall,vmcgrath@example.org,781.801.0124x480,79930,2024-10-20,CA,gold,106.95
USR-000484,Sherri,Garcia,lparker@example.net,4045491007,90640,2021-12-16,DE,silver,222.8
USR-000485,Mary,Carter,yvettecampbell@example.net,206.940.4121,05757,2024-12-16,UK,silver,11.98
USR-000486,Joshua,Faulkner,johnsonmichael@example.org,815.888.7850,02522,2025-06-16,US,gold,89.7
USR-000487,Sean,Patrick,adamsjoseph@example.org,(215)460-9514x277,09025,2023-04-26,CA,platinum,18.95
USR-000488,Jerry,Price,oconnelldavid@example.org,001-262-871-4359x341,14268,2024-11-02,CA,gold,58.35
USR-000489,Robert,Nguyen,stephanie72@example.com,(431)707-3712x207,96663,2021-10-05,US,gold,43.85
USR-000490,Deborah,Torres,kevinsmith@example.net,(509)369-2533x60109,77935,2026-07-09,DE,platinum,54.94
USR-000491,Sherry,Thornton,kendra09@example.net,+1-381-729-7192x28874,93559,2024-07-23,UK,silver,73.67
USR-000492,Rebecca,Dean,joseph34@example.net,602-366-4273x86966,11381,2021-10-15,CA,bronze,29.34
USR-000493,Chad,Cannon,hollymcdonald@example.com,806.977.7983,60633,2024-02-21,UK,platinum,12.75
USR-000494,Alexander,Smith,johnbrown@example.net,451.233.1579,74153,2022-07-03,FR,bronze,43.03
USR-000495,John,Reynolds,poolepaul@example.org,8172295126,89889,2024-05-31,UK,bronze,18.23
USR-000496,Michelle,Tapia,fparsons@example.org,+1-840-939-0927,28858,2025-05-22,UK,platinum,60.94
USR-000497,Andrew,Rice,pamelaclark@example.net,+1-250-266-6760x550,45033,2025-10-05,DE,gold,95.99
USR-000498,Brandon,Franklin,bradleygarrett@example.org,(609)380-5564x419,17121,2022-11-28,US,gold,51.78
USR-000499,Robert,Long,alexander29@example.net,001-599-807-6191x81498,65160,2024-03-18,DE,bronze,83.42
USR-000500,Chelsea,Young,colejoshua@example.net,617-567-5500,65212,2023-04-19,FR,platinum,36.85
USR-000501,Monica,Rojas,cooksean@example.net,+1-522-895-0838x60390,65473,2023-01-21,UK,platinum,67.94
USR-000502,Ruben,Jefferson,xkennedy@example.org,001-351-453-4743x92708,07935,2023-11-23,DE,bronze,60.52
USR-000503,Bradley,Serrano,clarkamber@example.org,303-820-8234,01763,2024-08-03,UK,platinum,18.05
USR-000504,Christina,Ray,tracy88@example.com,666-619-0764,79042,2021-11-03,DE,platinum,58.73
USR-000505,Jeffrey,Lawrence,brobbins@example.net,(722)677-2610,85459,2025-07-24,DE,bronze,23.0
USR-000506,Stacey,Jackson,lsmith@example.net,+1-846-655-9218x9568,82389,2024-06-25,US,bronze,61.41
USR-000507,Jeff,Lee,wkrause@example.org,+1-618-602-3848x761,33926,2022-09-20,FR,gold,47.58
USR-000508,Jennifer,Walker,ymckee@example.net,+1-809-508-5753x7947,14222,2024-03-30,CA,silver,114.55
USR-000509,Jeffery,Scott,smithjustin@example.net,(778)352-3461,21426,2022-02-27,DE,silver,90.9
USR-000510,Lisa,Vasquez,hooversarah@example.com,4106665897,17466,2025-04-11,FR,platinum,38.89
USR-000511,Melanie,Ward,karlarobinson@example.com,504-645-0398x638,49916,2026-07-03,FR,silver,17.13
USR-000512,Veronica,Morrison,millsyolanda@example.com,+1-386-702-9653x283,87375,2026-04-13,DE,platinum,13.99
USR-000513,Andrew,Smith,williamsonlaura@example.net,478.460.1508x33451,79524,2026-07-24,CA,gold,20.47
USR-000514,Julia,Reed,romerojames@example.com,+1-981-647-4250,29647,2024-03-26,CA,silver,21.83
USR-000515,Dean,Hoover,margaret00@example.com,567.875.5005x35760,59790,2022-08-24,UK,silver,21.79
USR-000516,Wendy,Jones,teresaruiz@example.org,(416)632-9566x148,86036,2022-10-24,CA,bronze,63.76
USR-000517,Kevin,Peterson,srose@example.com,+1-357-873-0614x60174,40684,2021-09-23,US,bronze,47.18
USR-000518,Jessica,Brown,markrhodes@example.org,+1-659-262-7838x77765,18073,2022-09-21,CA,gold,36.41
USR-000519,Sheila,Ruiz,campbelldanny@example.org,540.828.2656x529,63242,2023-05-31,UK,platinum,101.93
USR-000520,Guy,Wood,matthew40@example.org,001-649-489-3975x95536,24251,2025-01-12,FR,silver,81.35
USR-000521,Melissa,Green,riveranicole@example.com,(258)639-0187x6927,31957,2024-02-28,UK,bronze,37.99
USR-000522,Mark,Sharp,wbrown@example.net,634.443.0299x73854,37240,2021-11-26,UK,silver,144.37
USR-000523,Christina,Cowan,lori80@example.com,001-568-686-9890x876,86637,2022-06-22,FR,bronze,41.34
USR-000524,Gabriel,Gonzales,wgarcia@example.com,+1-873-478-1561,09017,2025-04-21,CA,silver,53.46
USR-000525,Jason,Randolph,youngallison@example.com,814.803.1916,94653,2022-03-15,CA,silver,173.75
USR-000526,Gene,Francis,iwilliamson@example.net,001-496-476-2182x2479,34269,2024-01-27,FR,bronze,176.66
USR-000527,Denise,Wu,rgonzales@example.com,467-714-8957,60283,2024-04-14,UK,platinum,17.96
USR-000528,Heather,Lee,wendy98@example.org,7936413734,17353,2026-08-01,US,gold,67.53
USR-000529,Timothy,Wiggins,maynardmichael@example.com,222.818.1951x71907,60297,2023-12-18,FR,gold,24.77
USR-000530,Ronald,Contreras,margaretwilson@example.org,(545)738-3364x2550,32590,2022-10-26,US,platinum,103.52
USR-000531,Samantha,Burgess,lisadavis@example.org,(754)967-5914,62265,2021-10-24,US,silver,126.68
USR-000532,Cody,Ballard,wardamanda@example.net,(758)632-0143,49115,2023-07-18,DE,platinum,108.47
USR-000533,Robin,Lee,ngolden@example.net,836.586.3644x49810,99013,2022-04-06,CA,platinum,50.23
USR-000534,Robert,West,anneschultz@example.com,001-404-629-4299x211,59076,2022-11-30,FR,bronze,137.76
USR-000535,Jason,Juarez,brendan97@example.net,(309)493-8721,02928,2022-09-05,CA,bronze,110.06
USR-000536,Edward,Vargas,brianahoover@example.net,8153059547,57461,2024-05-24,DE,silver,220.09
USR-000537,Karen,Sharp,phunt@example.org,500-854-6801x3143,00628,2026-03-08,UK,platinum,29.74
USR-000538,Tristan,Gonzalez,mossdaniel@example.com,895-299-2917x919,79441,2025-12-04,UK,platinum,72.55
USR-000539,Jimmy,Carter,uschneider@example.net,001-220-259-4836,10269,2023-09-15,FR,silver,67.48
USR-000540,April,Rodriguez,petersontina@example.net,760.596.4394,86382,2022-12-08,FR,gold,203.26
USR-000541,Cathy,Clark,smithbrandy@example.org,753-853-0532,98152,2022-06-19,US,gold,91.71
USR-000542,Kyle,Hinton,linkevin@example.net,404.664.8555x1693,04641,2025-10-26,DE,bronze,78.49
USR-000543,Patricia,Fowler,rsherman@example.com,519-335-3910,91414,2023-08-02,UK,gold,137.44
USR-000544,Kayla,Jimenez,webererika@example.com,(518)658-6804,19428,2024-07-20,CA,platinum,116.02
USR-000545,Antonio,Mcguire,markbuck@example.net,+1-957-583-9803x7037,99004,2022-01-05,CA,silver,26.28
USR-000546,Brett,Coffey,sbradley@example.com,753.307.4878x13409,36388,2021-09-03,FR,gold,412.63
USR-000547,Brian,Jones,sanchezmegan@example.com,370-400-4854,89894,2022-07-25,FR,bronze,863.53
USR-000548,John,Schaefer,baxterbrandi@example.net,325-453-9625x56144,87423,2026-05-29,UK,gold,63.17
USR-000549,Kathryn,Chan,dbrown@example.net,821.352.9417,15008,2022-01-30,UK,bronze,90.69
USR-000550,Melissa,Robertson,ericchristensen@example.org,+1-365-226-1216x694,00742,2021-12-26,CA,silver,29.91
USR-000551,Fred,Clark,martinezshawn@example.com,556-673-2383x68414,37404,2023-07-27,CA,silver,23.06
USR-000552,Geoffrey,Pham,bradyjoseph@example.net,+1-405-338-9059x5094,57647,2024-04-26,FR,platinum,13.7
USR-000553,Ray,Rivera,fvasquez@example.org,001-987-327-4105x915,49407,2023-04-20,FR,silver,44.03
USR-000554,Christopher,Collins,jennifer52@example.net,(943)452-2173x28424,74756,2024-04-10,DE,bronze,30.58
USR-000555,Elizabeth,Johnson,christinaschneider@example.com,(765)913-4204,68094,2025-05-15,UK,bronze,45.51
USR-000556,Vanessa,Sanchez,michael62@example.net,(330)530-2413x001,09140,2023-01-04,US,silver,82.3
USR-000557,Kevin,Parker,campbellsteven@example.com,905.859.2277x02604,82152,2026-04-12,UK,platinum,16.66
USR-000558,Thomas,Silva,wdominguez@example.com,+1-896-941-1350x76499,22507,2025-02-07,FR,gold,27.69
USR-000559,Jasmine,Lee,chunter@example.com,419-247-5052,12972,2021-12-06,UK,platinum,117.41
USR-000560,Nicole,Kramer,aolsen@example.net,522-359-3323x8143,53753,2026-01-29,FR,platinum,12.5
USR-000561,Stephanie,Reynolds,nrodgers@example.net,744.369.7071x1989,14911,2022-03-11,CA,bronze,49.07
USR-000562,Troy,Orr,johnbrown@example.org,415.658.6026x4236,44923,2025-08-03,US,bronze,149.43
USR-000563,Amanda,Baird,nyang@example.com,747-987-5080,82692,2021-12-05,DE,platinum,170.23
USR-000564,Pamela,Fuentes,orice@example.com,500-927-4894x244,80118,2025-09-24,DE,gold,24.97
USR-000565,Richard,Patterson,mitchellamber@example.com,001-571-618-8161x8277,58880,2023-12-03,FR,platinum,18.11
USR-000566,Brianna,Kim,nicholas27@example.org,001-531-788-1567x541,36845,2024-09-28,UK,platinum,21.0
USR-000567,Nancy,Bell,oharper@example.org,001-379-907-7045x5300,26170,2022-02-13,UK,bronze,15.79
USR-000568,Sarah,Garcia,wjackson@example.net,(612)298-5672,48568,2023-06-07,DE,gold,64.73
USR-000569,Kristin,Herman,markmassey@example.com,648.456.5264x2437,66729,2025-04-29,FR,silver,38.78
USR-000570,Kimberly,Johnson,brettjones@example.com,996-807-2652x0148,06674,2024-09-19,US,platinum,42.8
USR-000571,Shannon,Hall,nathanielbrown@example.org,(719)256-9320,55875,2025-03-30,US,silver,27.8
USR-000572,Bobby,English,hlozano@example.net,001-358-384-4523x6494,97848,2021-09-26,UK,gold,13.94
USR-000573,Arthur,Oneal,antoniohudson@example.com,(304)806-2321x5175,62468,2024-07-21,FR,platinum,25.12
USR-000574,Harold,Ray,rogersrussell@example.org,643-542-2070,10812,2025-07-21,FR,platinum,9.44
USR-000575,Brandon,Gibson,gabrielhoffman@example.com,+1-295-389-3674x286,64221,2025-06-21,DE,silver,104.95
USR-000576,Tracey,Vazquez,hcontreras@example.com,788.401.1130,90552,2026-04-10,CA,platinum,166.17
USR-000577,Edward,Clark,michaelhanna@example.org,877.550.4480,82969,2022-07-15,FR,silver,14.35
USR-000578,Joshua,Maldonado,adunn@example.org,512-561-6554x279,86836,2024-07-17,US,platinum,182.75
USR-000579,Taylor,Anderson,ellen16@example.net,001-304-276-1029x6544,99798,2025-08-01,DE,platinum,25.15
USR-000580,James,Marshall,jacksondonna@example.com,4506356237,52535,2024-12-09,CA,gold,21.2
USR-000581,Kelsey,Hendrix,ismith@example.com,419-490-6563,88750,2023-08-16,FR,gold,57.9
USR-000582,Cassie,Hodges,olsenwilliam@example.org,(659)427-2916,19615,2022-04-03,US,platinum,8.58
USR-000583,Melanie,Thomas,john41@example.net,757.561.7657x224,57648,2023-10-07,DE,platinum,29.02
USR-000584,Victor,Castro,wendycampbell@example.net,437.883.6159,54849,2024-03-19,US,gold,54.19
USR-000585,Patrick,Holmes,olsonmike@example.com,500.802.2750,86879,2025-09-03,CA,gold,628.67
USR-000586,Juan,Russo,annyoung@example.org,514.421.3747x279,83189,2022-04-27,FR,bronze,34.78
USR-000587,Rickey,Cummings,morgan54@example.org,962.493.3698x3240,68011,2022-01-11,US,silver,167.61
USR-000588,Victoria,Calderon,mccoyelizabeth@example.org,+1-580-898-0988x04093,95289,2022-06-27,FR,silver,38.09
USR-000589,Dwayne,Adams,mark22@example.com,(394)726-7327x222,46154,2022-10-17,US,platinum,27.3
USR-000590,Luke,Waters,lmontgomery@example.org,001-829-474-5116x51608,39320,2025-10-08,US,silver,88.38
USR-000591,Krista,Koch,jamescoleman@example.net,9573529664,89655,2022-01-25,FR,platinum,46.66
USR-000592,Christopher,Gaines,dominiquechavez@example.org,001-891-791-8465x5063,08804,2026-06-15,US,gold,153.81
USR-000593,Stephen,Mclaughlin,xbanks@example.com,+1-499-519-6697x602,50077,2022-12-22,CA,bronze,54.89
USR-000594,Kirk,Fletcher,gina43@example.com,+1-904-934-2491x62631,62022,2025-06-03,CA,gold,137.31
USR-000595,Jean,Hill,dustinhodge@example.net,521-397-3819x0347,59968,2023-03-27,DE,gold,19.12
USR-000596,Anthony,Thompson,amber85@example.org,833.527.1045x35135,88591,2025-02-23,CA,silver,94.76
USR-000597,Wendy,Jones,mmccarty@example.net,+1-416-733-5471x5433,40175,2022-02-20,FR,gold,22.43
USR-000598,Lauren,Stephens,hannahthomas@example.com,+1-629-794-5802,60907,2022-03-12,DE,gold,126.02
USR-000599,Angela,Berry,avilaelizabeth@example.net,662-754-9931,33112,2025-04-02,DE,silver,90.08
USR-000600,Matthew,Gonzalez,orodriguez@example.com,946.216.1605x433,63952,2025-05-13,CA,silver,107.6
USR-000601,Laura,Guerra,iharrison@example.com,001-647-206-9531x217,87407,2025-01-15,US,gold,13.77
USR-000602,Christy,Hayes,jgriffin@example.org,918-762-9319x167,97938,2025-01-18,CA,gold,64.48
USR-000603,Angela,Vaughn,aoconnell@example.org,+1-325-853-1755x046,15206,2023-01-28,FR,bronze,25.63
USR-000604,Jesus,Singleton,brandon97@example.org,(475)745-7690x9414,87018,2025-05-13,CA,silver,71.49
USR-000605,Christina,Long,dbyrd@example.org,955.528.8231x32996,40960,2022-08-13,FR,bronze,14.74
USR-000606,Michael,Lyons,christina19@example.com,001-976-838-5869x22543,26210,2023-09-16,FR,bronze,111.07
USR-000607,Gregory,Crawford,murraydarrell@example.com,(735)495-5394x506,80050,2022-12-02,UK,platinum,28.95
USR-000608,Robert,Casey,lawsonjessica@example.net,(685)554-1793,11661,2023-03-01,DE,gold,76.53
USR-000609,Ashlee,Wilson,reneekelly@example.com,001-209-667-6242x8574,03461,2026-05-06,DE,platinum,54.16
USR-000610,Mitchell,Garner,dfields@example.org,954.976.6307,42505,2021-12-26,FR,bronze,65.59
USR-000611,Deanna,Aguilar,wpadilla@example.org,+1-340-372-3461x504,65909,2021-11-07,US,platinum,111.66
USR-000612,Eric,Hernandez,matthewsmackenzie@example.org,001-939-400-2950x11474,81359,2024-06-18,US,gold,65.96
USR-000613,Jeanette,Kidd,david78@example.org,001-690-649-7574x568,18379,2025-09-22,FR,bronze,62.05
USR-000614,Jesse,Clark,kimberlyrosales@example.net,+1-546-251-9034,73790,2022-04-16,FR,platinum,29.73
USR-000615,Christopher,Williams,znorton@example.net,001-544-690-3593x41773,94649,2025-01-14,FR,platinum,40.88
USR-000616,Jesus,Potter,kruegerjade@example.com,882-518-2160,75077,2022-06-05,CA,bronze,87.85
USR-000617,Jeffrey,Rice,omurray@example.net,211.408.0238x83697,88336,2025-07-26,CA,silver,85.95
USR-000618,Shannon,Andrade,kimberlyhenderson@example.com,+1-811-493-5472x86399,40630,2025-08-21,CA,bronze,83.98
USR-000619,Elizabeth,Hall,tammy20@example.org,275-291-4509,86339,2022-07-23,UK,bronze,79.68
USR-000620,Emily,Wang,adrianabennett@example.org,+1-453-991-0673x338,50832,2026-06-15,US,silver,64.93
USR-000621,Luis,Robinson,amber02@example.net,796-468-9923x8585,04068,2021-12-20,US,silver,32.05
USR-000622,Erin,Rodriguez,erika44@example.net,579-420-7405x1870,22791,2022-02-11,FR,bronze,64.74
USR-000623,Denise,Bryant,andersonkimberly@example.net,+1-598-939-1032x0410,17702,2024-02-22,CA,silver,35.12
USR-000624,Carlos,Archer,vjackson@example.com,251-426-3700x79633,21257,2023-05-07,CA,silver,16.71
USR-000625,Steven,Jordan,davidmartin@example.com,(721)833-4595x82956,21422,2021-12-02,DE,gold,73.99
USR-000626,Stephanie,Harper,megan09@example.net,001-844-514-7537,99497,2023-11-11,US,silver,77.13
USR-000627,Angela,Mckinney,michaelbutler@example.com,001-285-786-4766x95577,15916,2024-05-28,DE,gold,46.57
USR-000628,Michelle,Everett,fostercarol@example.net,(945)211-5905x92568,41186,2025-12-19,FR,silver,36.38
USR-000629,Roger,Gray,cwilliamson@example.net,+1-404-766-0638,04651,2025-03-08,DE,platinum,34.69
USR-000630,Curtis,Thomas,zrivera@example.net,+1-420-692-2521x2380,35294,2025-02-06,CA,silver,21.75
USR-000631,Patrick,Benitez,rachaelgray@example.com,001-714-687-4971x5129,48958,2025-05-16,US,gold,20.57
USR-000632,Ann,Allen,jeffrey35@example.net,+1-449-499-9169x53595,72606,2025-03-07,UK,silver,87.09
USR-000633,Denise,Morris,victoriaduncan@example.org,381-374-9731,38135,2026-01-26,FR,silver,59.65
USR-000634,Rodney,Clark,cunninghamchelsey@example.org,9506459619,08574,2021-09-28,UK,gold,17.96
USR-000635,Janet,Jensen,kimberly34@example.net,459-842-1042x0841,42514,2022-12-16,FR,silver,192.02
USR-000636,Barry,Marshall,vthompson@example.org,001-954-915-1909x375,00792,2026-07-07,CA,gold,107.32
USR-000637,Melissa,Clayton,bsandoval@example.net,(516)894-1351x2848,79268,2023-03-03,FR,platinum,11.0
USR-000638,Kimberly,Ward,amanda27@example.com,001-606-299-2269x1569,57512,2026-01-13,DE,bronze,134.51
USR-000639,Melissa,Newman,bcoleman@example.org,(835)312-0945,44322,2026-05-12,DE,platinum,80.95
USR-000640,Taylor,Padilla,nicole85@example.net,+1-963-237-5984x91387,15311,2024-05-29,CA,silver,74.24
USR-000641,Christopher,Logan,wilsonjerry@example.com,+1-252-933-1432x417,99912,2025-05-31,UK,gold,46.5
USR-000642,Duane,Gordon,vallen@example.net,690.681.3220x8220,68535,2023-01-26,DE,platinum,64.25
USR-000643,Lisa,Allen,daniel78@example.net,464-795-7104,82048,2024-07-23,CA,platinum,100.31
USR-000644,Alexis,Casey,williammartin@example.com,001-217-501-8313x77434,08270,2025-10-19,UK,bronze,23.2
USR-000645,Joanne,Kennedy,martinroman@example.org,333.735.8136x8220,20942,2024-09-01,CA,gold,47.98
USR-000646,Sara,Tucker,stran@example.com,(211)467-0062,14364,2025-09-20,FR,silver,131.95
USR-000647,Joseph,Bryant,ureynolds@example.net,+1-553-662-9213x5011,34093,2026-03-23,DE,gold,22.78
USR-000648,Nicholas,Ellison,anthony29@example.org,648.999.4549x49725,19732,2024-11-23,FR,silver,75.75
USR-000649,Kathryn,Roberts,kristin42@example.net,675-863-9490,43173,2022-02-08,FR,platinum,60.95
USR-000650,Justin,Green,xbenson@example.com,881-745-2528x8864,02752,2026-01-10,FR,gold,32.74
USR-000651,Cheryl,Jacobson,john17@example.net,521-539-1369x9754,64421,2024-01-10,US,platinum,435.51
USR-000652,Paula,Anderson,xrojas@example.com,(524)612-5038,99757,2022-02-02,US,gold,70.99
USR-000653,Keith,Taylor,theresafoley@example.org,2742197537,56809,2022-10-13,CA,platinum,51.16
USR-000654,Jimmy,Stark,nhurley@example.org,(421)808-5837x558,30171,2022-05-25,UK,platinum,343.39
USR-000655,Christopher,Munoz,natasha08@example.net,(489)398-1811x994,65632,2025-09-10,DE,silver,93.29
USR-000656,Jennifer,Young,kimberlysmith@example.com,639.955.3433,93861,2022-02-04,FR,gold,66.53
USR-000657,Caitlin,Anderson,nelsonmaria@example.net,+1-832-542-4300x91731,29540,2022-04-09,DE,gold,73.3
USR-000658,Deborah,Smith,khubbard@example.com,978-839-0712x125,79161,2026-07-11,DE,bronze,83.62
USR-000659,Brendan,Turner,carrollwesley@example.net,(972)844-9520,75282,2024-07-07,FR,bronze,102.98
USR-000660,Lisa,Kelly,christophervilla@example.net,278.295.1665x018,49316,2022-12-25,UK,platinum,11.22
USR-000661,Teresa,Walton,dkim@example.org,+1-823-816-2575x10003,98857,2024-04-15,FR,gold,100.99
USR-000662,Thomas,Collins,pchaney@example.net,371-484-5816x302,78127,2025-08-17,DE,platinum,15.79
USR-000663,Amanda,Lee,toniwells@example.org,911-229-8031x02623,48070,2021-10-14,CA,silver,59.04
USR-000664,Kimberly,Nunez,ericamoore@example.org,001-525-346-5476,57189,2024-08-11,CA,silver,135.0
USR-000665,Kenneth,Gomez,clarkmatthew@example.com,001-842-937-2466x7622,51598,2021-12-20,FR,platinum,80.91
USR-000666,Kevin,Alexander,ramirezmichael@example.com,(424)720-5964,38377,2024-08-16,FR,silver,43.04
USR-000667,Amanda,Bennett,timothywilliamson@example.net,(703)848-9731x1601,45487,2022-10-10,US,platinum,198.46
USR-000668,Nicole,Morrison,saradavis@example.net,+1-254-824-0150x4379,72336,2021-09-25,US,bronze,24.27
USR-000669,Linda,Allen,patricia83@example.com,454-787-5979x974,96662,2023-01-24,DE,silver,8.87
USR-000670,Fernando,Carpenter,simonmelanie@example.org,(982)875-6849x7850,63573,2026-03-27,US,silver,8.34
USR-000671,Kathryn,Hall,cookadam@example.com,989.345.1193x246,85134,2025-03-04,CA,gold,80.26
USR-000672,Anna,Watkins,nrogers@example.com,700-329-5963,73834,2025-11-02,US,silver,116.95
USR-000673,Michael,Brown,lisawilliams@example.net,661.330.1446,81998,2026-05-23,DE,gold,65.62
USR-000674,Eric,Elliott,chad03@example.com,358.906.9328x9401,10673,2025-10-06,DE,platinum,70.97
USR-000675,Nicole,Christensen,djohnson@example.org,446.979.0877x37316,45725,2024-08-25,UK,gold,94.78
USR-000676,Tracy,Gutierrez,millerallen@example.com,+1-497-774-0097x0183,83039,2024-12-24,UK,bronze,68.62
USR-000677,Kimberly,James,stephensnicholas@example.org,353.470.0700x10222,92544,2023-08-01,UK,bronze,35.25
USR-000678,Maria,Sawyer,floresmegan@example.org,318-216-9349,50574,2026-03-08,UK,platinum,108.35
USR-000679,Samuel,Holmes,ccameron@example.org,894-611-6328x2251,18211,2026-03-01,DE,bronze,20.55
USR-000680,Sally,Giles,cmartinez@example.org,817-702-5449,43340,2021-10-12,DE,silver,44.74
USR-000681,Eric,Hill,rachelmiller@example.net,+1-425-648-0575x95024,85808,2025-06-09,FR,gold,150.83
USR-000682,Robert,Sanchez,harry17@example.net,448-277-1320x20613,31316,2022-02-17,FR,gold,21.79
USR-000683,Alexandria,Cole,hramirez@example.org,(287)680-7390,80735,2023-10-06,CA,platinum,86.34
USR-000684,Anthony,Lane,cbutler@example.com,(396)202-9649,34188,2025-07-25,UK,bronze,39.43
USR-000685,Trevor,Riggs,lydia95@example.com,684-446-5771x37153,61526,2024-02-11,CA,gold,110.94
USR-000686,Brandi,Reid,adrianasweeney@example.org,(427)966-5484,40493,2025-06-12,CA,gold,23.65
USR-000687,Kaylee,Roberts,vbarker@example.net,603-700-2143x665,26878,2024-05-16,DE,silver,51.24
USR-000688,Angela,Lucero,derekwright@example.com,001-933-756-6822x8965,40250,2024-08-16,CA,bronze,30.03
USR-000689,Cynthia,Beck,maureenmendez@example.org,933-976-1915,01553,2022-02-05,DE,bronze,37.47
USR-000690,Lance,Davis,kellykelsey@example.org,+1-762-931-5394x2811,95190,2026-03-14,FR,silver,10.05
USR-000691,Matthew,Ray,bennettrachel@example.com,+1-350-257-9215x1098,04489,2024-10-28,DE,platinum,66.86
USR-000692,Melissa,Phillips,johnsonstephen@example.org,(806)556-9427,73063,2021-08-23,US,silver,18.04
USR-000693,Cynthia,Thompson,sarahsavage@example.com,(331)614-3107x53987,14758,2022-12-07,CA,platinum,53.94
USR-000694,Tiffany,Lopez,dennis30@example.com,+1-746-614-3838x16742,07200,2023-05-19,US,silver,12.59
USR-000695,Justin,Wells,angelasilva@example.com,428-497-2459x79898,38215,2023-04-20,UK,bronze,266.56
USR-000696,Heather,Johnson,edward00@example.org,299-761-1778x5453,58196,2025-02-13,US,gold,33.26
USR-000697,Amy,Cruz,tiffanyjordan@example.org,739.553.0025,78468,2023-04-11,US,bronze,27.65
USR-000698,Donna,Cline,richard37@example.com,+1-331-325-2458x70131,58815,2023-05-11,FR,platinum,30.96
USR-000699,Tracy,Estrada,angela62@example.com,001-621-551-5694,73009,2024-01-30,US,platinum,89.98
USR-000700,Amy,Jones,hallstephanie@example.net,458.791.0548,57283,2022-05-25,DE,bronze,73.49
USR-000701,Regina,Lewis,mhartman@example.net,001-631-461-2099x28687,87879,2025-01-28,UK,silver,33.82
USR-000702,Timothy,Garcia,randygonzales@example.org,3974506699,96552,2024-05-02,US,platinum,102.6
USR-000703,Tammy,Rojas,annette44@example.org,(449)833-1115x68540,98610,2025-10-26,US,silver,75.18
USR-000704,Cory,Williams,baldwinkaren@example.com,323.851.8522,46914,2023-08-06,US,gold,46.59
USR-000705,James,Jacobson,pnavarro@example.net,771.948.4544x30074,97243,2024-01-17,UK,bronze,24.9
USR-000706,Samantha,Martinez,rachel51@example.net,816.533.2533,05712,2023-04-07,US,bronze,37.18
USR-000707,Jessica,Ford,dpowell@example.com,8257076660,03028,2024-03-07,DE,platinum,52.79
USR-000708,Michael,Hernandez,fryrobert@example.net,(255)632-6474x14124,26124,2024-06-12,US,gold,27.75
USR-000709,Abigail,Robertson,lucascobb@example.com,3008182087,83361,2022-09-07,CA,bronze,46.73
USR-000710,Paige,Martinez,jenniferperkins@example.net,(371)991-8993,79659,2022-03-30,FR,silver,6.5
USR-000711,Robert,Smith,marshallmichael@example.com,001-601-380-8675x2262,44251,2022-03-31,FR,silver,30.21
USR-000712,April,Walker,meadowsvalerie@example.com,(351)577-3131x97493,43250,2022-04-16,UK,platinum,25.73
USR-000713,Teresa,Manning,ymcbride@example.com,393-876-5118x25665,28615,2024-08-01,FR,gold,18.93
USR-000714,Stephen,Harrison,johnathan36@example.org,+1-513-641-3503,53224,2021-08-30,CA,silver,77.01
USR-000715,Thomas,Frey,gsingleton@example.com,474-346-5448x21873,99872,2022-03-28,FR,platinum,30.5
USR-000716,Mark,Nguyen,rmullen@example.org,001-750-831-5134x65086,81720,2024-05-31,FR,gold,8.91
USR-000717,Roy,Mcgee,smccormick@example.com,813.741.2538x3410,60627,2025-09-26,UK,gold,23.82
USR-000718,Derek,Cross,yfisher@example.com,(620)667-0393x36777,12947,2021-10-08,FR,platinum,11.14
USR-000719,Jill,Braun,james71@example.net,001-918-320-0340x93582,64153,2022-08-04,FR,platinum,48.84
USR-000720,Jessica,Taylor,clarkelizabeth@example.com,(964)665-1847x8879,46331,2025-11-14,UK,platinum,47.05
USR-000721,Connie,Swanson,steven97@example.org,249-817-9461,77690,2025-02-22,US,gold,11.46
USR-000722,Shelby,Marsh,cole83@example.org,001-278-566-8689x98420,25048,2026-04-25,DE,silver,24.36
USR-000723,Sheila,Rivera,wendyhumphrey@example.org,711-442-0765x133,74275,2023-01-05,UK,silver,165.5
USR-000724,Nathaniel,Kim,jennifermccoy@example.net,(810)984-9297x04538,52724,2021-12-13,UK,platinum,190.34
USR-000725,Heather,Bradley,jhenry@example.org,+1-535-645-6143x1538,73701,2025-09-19,UK,bronze,11.93
USR-000726,Danielle,Parrish,john12@example.org,6853904002,89290,2023-11-10,DE,silver,41.81
USR-000727,Jason,Moran,nicoleyates@example.net,931.334.2414,67685,2024-06-18,FR,bronze,74.92
USR-000728,Timothy,Mckenzie,meganmalone@example.com,+1-442-392-1017x274,93370,2023-04-22,UK,bronze,10.39
USR-000729,Christopher,Castillo,tracey79@example.com,313.824.0496,92132,2024-10-27,UK,silver,78.54
USR-000730,Cynthia,Davis,emyers@example.org,957-706-5868x623,91766,2025-05-10,DE,gold,160.68
USR-000731,Steven,Lowe,emartinez@example.net,001-993-291-7670,00690,2022-03-27,UK,silver,30.88
USR-000732,Deborah,Ray,vhampton@example.com,252-878-4300x3987,38097,2023-09-20,DE,silver,157.26
USR-000733,Stephanie,Bass,joan18@example.com,+1-249-587-4932,95095,2024-07-05,CA,silver,53.34
USR-000734,Garrett,Tran,bmason@example.net,+1-237-455-7854x57653,34666,2025-05-04,UK,bronze,41.63
USR-000735,Robert,Harris,walkeredward@example.com,250.641.2266x435,41814,2023-06-14,DE,platinum,59.96
USR-000736,Jocelyn,Newman,coreycarrillo@example.org,+1-266-922-4776x03828,09711,2021-11-27,UK,silver,141.56
USR-000737,Drew,Stewart,onelson@example.com,+1-593-599-6979x3393,95455,2022-07-31,FR,gold,54.63
USR-000738,Sean,Jordan,andreahogan@example.net,001-882-358-1738,50163,2023-05-06,FR,bronze,47.02
USR-000739,Julia,Wright,henrymaria@example.net,001-293-878-7352x199,68188,2022-11-18,FR,silver,30.13
USR-000740,Robin,Powell,sarahhickman@example.org,+1-395-208-6722x662,59420,2023-08-16,CA,bronze,44.58
USR-000741,Stephen,Pollard,qnixon@example.net,997.618.1905,56888,2024-02-10,CA,bronze,56.22
USR-000742,Kristin,Kline,jeffward@example.net,640.962.4261x0332,65787,2022-07-17,DE,bronze,134.2
USR-000743,Michael,Rice,kimberly19@example.net,(961)832-9406x35724,27225,2024-08-07,DE,bronze,51.79
USR-000744,Michael,Cannon,hguerrero@example.com,2072284385,76384,2024-09-17,US,bronze,22.12
USR-000745,Brianna,Dixon,slam@example.net,(645)905-1490,98495,2022-09-20,DE,bronze,60.36
USR-000746,Jennifer,Freeman,jeremiah45@example.org,(449)496-1077x9977,21564,2022-04-23,UK,silver,186.63
USR-000747,Ruben,Berg,fcross@example.com,730.202.7027,62924,2025-10-25,CA,gold,119.47
USR-000748,Linda,Terrell,sgallagher@example.com,001-293-380-5145x386,57496,2024-03-07,CA,gold,212.8
USR-000749,Monique,Moore,jimenezmonica@example.org,5694915585,19329,2025-12-08,FR,silver,30.62
USR-000750,Jonathan,Kelly,nmorgan@example.org,(714)389-4413,59119,2023-08-12,UK,platinum,72.22
USR-000751,Carol,Clark,allenchristian@example.com,001-759-307-0569,02207,2025-10-19,FR,gold,15.68
USR-000752,Lynn,Clark,curtisbryce@example.org,474.308.1173x06993,36597,2023-03-04,FR,gold,56.03
USR-000753,Amy,Small,ktaylor@example.org,7282405218,42498,2023-07-09,US,silver,114.11
USR-000754,Brett,Walls,duncanedward@example.com,3486589654,36197,2026-05-30,DE,gold,61.18
USR-000755,Brooke,Allen,tgomez@example.com,692-970-5487,05341,2023-04-14,DE,platinum,102.02
USR-000756,Oscar,Walker,bassphilip@example.org,001-544-761-5012,07399,2023-09-08,CA,gold,33.61
USR-000757,Courtney,Heath,xhuff@example.org,(590)985-5765x789,75596,2025-02-06,US,platinum,21.49
USR-000758,John,Davis,tony37@example.org,001-290-335-2196,04027,2022-04-17,FR,bronze,20.47
USR-000759,Roberto,Harrington,wjones@example.com,(443)821-1190,85440,2023-09-08,FR,bronze,84.72
USR-000760,Emily,Young,olee@example.net,733-409-8314,33254,2024-01-21,CA,silver,33.68
USR-000761,Sandra,Pope,kylerobinson@example.org,001-228-774-2565x6866,73088,2021-10-21,DE,platinum,244.47
USR-000762,Brandon,Ward,samantha38@example.org,275-901-5438x57818,60020,2024-09-15,CA,gold,57.83
USR-000763,Renee,Mcbride,lloydnichole@example.net,751-644-6619,14987,2023-11-15,US,gold,16.94
USR-000764,Austin,Dillon,asellers@example.org,(966)888-5455x3637,57328,2023-05-28,FR,silver,82.9
USR-000765,Christine,Bell,jacksonjeremy@example.com,001-323-881-6226x64849,13174,2023-03-01,US,bronze,19.79
USR-000766,Olivia,Dunn,richardjoseph@example.net,5537315131,56989,2022-03-03,CA,bronze,15.94
USR-000767,Daniel,Wallace,martinwilliam@example.com,544.379.3722,63754,2025-06-03,DE,platinum,164.6
USR-000768,Charles,Hale,kgrant@example.com,685.984.3135x74087,36397,2021-09-27,FR,bronze,82.5
USR-000769,Shannon,Bishop,autumnbarnes@example.net,656.657.7990x6183,20074,2023-03-31,FR,bronze,34.55
USR-000770,Christopher,Johnson,jorge51@example.net,+1-824-315-2863x48401,88429,2023-11-10,CA,gold,55.24
USR-000771,Patricia,Santos,hking@example.com,653-837-5201x5691,88736,2022-02-23,UK,gold,114.3
USR-000772,Gail,Evans,bellthomas@example.org,268.240.9134x1781,64328,2022-02-27,US,silver,40.38
USR-000773,Nicholas,Day,rebecca14@example.net,(214)995-5838x736,23417,2024-07-29,US,platinum,74.26
USR-000774,Ronald,Miller,nicholsjohn@example.net,916.284.8272x30990,41360,2025-03-21,DE,bronze,20.16
USR-000775,Paul,King,youngelizabeth@example.com,+1-204-251-9908x18733,23746,2024-01-25,US,bronze,32.35
USR-000776,Madison,Allen,lindseybryant@example.org,473.869.5043,06378,2023-04-06,US,platinum,88.57
USR-000777,Brandon,Marshall,jason22@example.com,001-554-793-0539x73451,81054,2024-07-16,UK,bronze,35.87
USR-000778,Kenneth,Fisher,tholloway@example.org,+1-389-872-7405x143,38637,2022-01-21,CA,bronze,37.74
USR-000779,Casey,Mendez,haynesryan@example.com,402-454-2600x6289,25318,2024-03-16,FR,platinum,118.32
USR-000780,James,Rosales,amandacarlson@example.net,658-992-2517x4752,60587,2023-05-19,CA,platinum,126.8
USR-000781,Michael,Garcia,wanda38@example.org,(576)565-7031x01221,84912,2025-05-27,DE,platinum,128.2
USR-000782,Holly,Black,kristi42@example.org,848-535-4574x9883,74153,2025-01-25,DE,gold,108.25
USR-000783,Michael,Watson,jason93@example.com,001-235-821-5173x466,70306,2025-03-22,US,silver,555.31
USR-000784,Danielle,Lamb,teresascott@example.org,(475)461-0801x030,13948,2025-03-07,US,platinum,80.79
USR-000785,Jason,Morgan,daniel16@example.net,432.832.8541x42263,97995,2026-08-07,FR,gold,13.15
USR-000786,David,Phillips,james71@example.com,+1-204-351-9678x7788,89498,2022-03-23,US,gold,38.46
USR-000787,Michael,Jacobs,gregoryherrera@example.org,226.535.5469,25700,2025-03-10,CA,bronze,125.11
USR-000788,Lynn,Hart,christopherwalter@example.com,719.473.2381x545,60016,2026-06-09,US,platinum,71.08
USR-000789,Sheila,Blair,kfowler@example.net,(802)335-6409x3099,79105,2025-03-23,CA,platinum,12.42
USR-000790,Alexander,Dominguez,ksimpson@example.com,001-699-993-8191,36266,2023-07-19,UK,gold,25.56
USR-000791,Glenn,Richmond,georgeeileen@example.org,(841)555-1758,59887,2022-08-28,DE,gold,72.7
USR-000792,James,Martin,gjohnson@example.net,+1-366-868-6858x431,21677,2026-03-04,US,platinum,75.27
USR-000793,Brian,Lambert,wgomez@example.org,794-973-9654x3105,65417,2021-12-07,FR,gold,79.34
USR-000794,Brandon,Harris,murillokendra@example.com,796-608-8958x69793,27214,2022-11-18,UK,platinum,43.13
USR-000795,Evan,Garcia,kayla21@example.org,(686)206-2098x180,86127,2024-06-22,FR,silver,87.37
USR-000796,Misty,Daniel,stewartlauren@example.com,001-614-405-0850x1347,79328,2025-01-16,DE,gold,26.88
USR-000797,Regina,Bowers,charles22@example.com,272-654-3924x5396,17080,2022-11-14,FR,gold,14.19
USR-000798,Amanda,Miller,jean42@example.com,+1-339-468-5276x82091,20478,2023-02-19,US,platinum,22.39
USR-000799,Tiffany,Cruz,wallsnicole@example.net,2978020979,88853,2022-11-01,UK,platinum,41.38
USR-000800,Michelle,Garcia,cindy17@example.com,+1-233-817-0253x3797,07242,2023-02-22,US,platinum,31.97
USR-000801,Deborah,Mcdonald,jmccall@example.com,(753)571-7201,31974,2022-09-27,DE,silver,9.6
USR-000802,Adrian,Buckley,matthewreyes@example.com,574-613-3115x196,71199,2025-05-10,FR,platinum,88.09
USR-000803,Heather,Moore,mdouglas@example.org,(343)709-9034x913,50436,2024-10-21,US,bronze,40.58
USR-000804,James,Wilkins,freynolds@example.org,(446)735-1452x2823,90539,2022-09-07,US,gold,19.11
USR-000805,Kyle,Keller,madisonlarson@example.net,001-534-596-5775,45920,2022-06-26,CA,silver,54.74
USR-000806,Elizabeth,Crawford,bphillips@example.com,623-915-4024,66435,2022-08-16,UK,silver,28.55
USR-000807,Nicole,Chavez,alexis63@example.org,803.549.1410x5269,54687,2026-04-11,CA,silver,30.15
USR-000808,Gary,Cantu,lopezmorgan@example.com,+1-954-436-7687x96746,51147,2024-07-31,US,gold,39.08
USR-000809,Ricky,Lee,vazquezjamie@example.org,898.382.1702x6719,39378,2025-11-20,FR,silver,31.29
USR-000810,Justin,Davis,david75@example.com,860-238-4952,55384,2024-03-06,FR,gold,20.21
USR-000811,Ivan,Moore,tknight@example.com,441-509-6615,21213,2025-04-05,US,gold,37.62
USR-000812,Stephanie,Hayes,pruittwilliam@example.org,(590)230-3471x12027,85694,2022-04-18,CA,gold,24.84
USR-000813,Jimmy,Rice,danielle51@example.net,+1-429-520-7223x03358,29901,2024-06-25,US,gold,12.8
USR-000814,Christina,Howard,halesusan@example.net,001-999-477-3879x27876,32726,2023-07-24,FR,silver,138.79
USR-000815,Cynthia,Klein,davidtownsend@example.com,214-844-8657x43062,69685,2021-12-03,UK,platinum,59.8
USR-000816,Erica,Beltran,lisa91@example.net,572.502.9811x30084,77179,2022-03-14,DE,silver,4.67
USR-000817,Keith,Miller,fischercharles@example.net,296.633.0507x495,37577,2022-10-18,UK,silver,24.7
USR-000818,Morgan,Alexander,ashleyeaton@example.org,(584)841-6169,23946,2022-12-19,CA,bronze,134.29
USR-000819,Brian,Figueroa,tina16@example.org,(638)313-7057,05437,2022-10-25,DE,platinum,104.6
USR-000820,Robert,Moore,vfarrell@example.net,715-925-8385x163,68268,2021-12-19,CA,bronze,13.48
USR-000821,Lauren,Jenkins,jennifer68@example.com,713.329.0102x9158,13404,2024-05-10,FR,silver,74.88
USR-000822,Alicia,Sexton,davispatrick@example.org,253.359.6828,35979,2026-05-31,US,silver,47.87
USR-000823,Amanda,Sweeney,matthewperez@example.org,(676)960-2716x8927,67686,2025-06-17,US,silver,386.61
USR-000824,Kristy,Mullen,nashjames@example.net,947.570.5104,00720,2026-07-21,DE,gold,125.48
USR-000825,Angela,Lopez,shellylewis@example.net,648-624-1430,41019,2023-07-06,FR,bronze,35.93
USR-000826,Steven,Sims,dwayne59@example.com,549.500.1976,36776,2023-05-27,UK,gold,67.05
USR-000827,Bruce,Garcia,christopher13@example.net,8303766170,51324,2025-01-11,US,gold,20.24
USR-000828,Richard,Gross,scollins@example.net,+1-820-898-7284x81818,79716,2022-04-20,CA,platinum,19.24
USR-000829,Kimberly,King,brian57@example.org,377-821-3963x6209,01498,2026-05-10,DE,silver,10.1
USR-000830,Tanya,Silva,stephanie72@example.org,890-517-0668,57894,2022-04-10,UK,platinum,32.96
USR-000831,Heidi,Leon,meganpalmer@example.com,001-804-670-5712x6565,13717,2025-01-02,US,silver,40.98
USR-000832,Leslie,Price,ddavis@example.org,712-507-0180,48633,2024-06-13,UK,bronze,26.77
USR-000833,Tracy,Lawrence,lindahenson@example.org,(652)257-6150x335,68097,2023-09-10,US,gold,9.95
USR-000834,William,Chambers,karenfuentes@example.org,322-599-7853x210,29205,2026-02-09,FR,silver,228.58
USR-000835,Amy,Mckenzie,cunninghamjuan@example.org,676.258.4901,44953,2023-10-07,UK,gold,14.06
USR-000836,Jill,Hernandez,shannon70@example.net,001-890-595-9027x9904,52265,2024-08-16,DE,silver,5.99
USR-000837,Carlos,Larson,blackjames@example.net,(948)983-6269x61636,09213,2023-11-18,US,gold,77.97
USR-000838,Jenna,Flores,rbaldwin@example.net,001-342-669-1548x978,13121,2025-01-19,CA,gold,26.57
USR-000839,Jonathan,Collier,egoodwin@example.org,(308)875-5056x244,58422,2024-03-08,US,bronze,28.8
USR-000840,Brittany,Richardson,garciapaige@example.org,001-438-270-7414,13769,2022-10-21,CA,gold,22.23
USR-000841,Mary,Ochoa,jason28@example.net,001-414-504-6247x86357,54312,2024-12-01,CA,platinum,68.75
USR-000842,Timothy,Perez,masonashley@example.org,654-846-8432x1095,74180,2023-09-11,UK,gold,36.04
USR-000843,Tony,Pham,brianorr@example.net,9998199846,09433,2023-12-06,FR,bronze,18.58
USR-000844,Candice,Watson,goodwinjason@example.com,(725)976-2109x0280,99867,2026-03-07,FR,platinum,44.01
USR-000845,Brittany,Warner,andrew04@example.com,815-466-3057x275,25061,2021-09-16,CA,silver,103.5
USR-000846,Daniel,Flores,lynnhoffman@example.net,001-405-237-0137x607,88551,2025-10-08,UK,gold,120.71
USR-000847,Elijah,Dennis,mariahtaylor@example.net,575.467.7946x685,36845,2022-03-09,FR,silver,57.43
USR-000848,Kathryn,Wagner,robertrowland@example.net,780.877.5746x58578,39730,2023-06-08,UK,bronze,48.29
USR-000849,Kimberly,Perkins,devin93@example.com,(582)798-5165x2287,14639,2022-01-13,FR,bronze,49.48
USR-000850,Steven,Moreno,jordansims@example.com,587-377-4763x9710,69166,2024-04-14,UK,silver,135.13
USR-000851,Melissa,Cuevas,tylerrusso@example.com,2687886742,90422,2025-02-12,US,gold,16.62
USR-000852,Elizabeth,Skinner,snichols@example.com,(821)763-4651,15349,2023-05-02,CA,bronze,41.0
USR-000853,Christopher,Brown,rhodesjesus@example.net,(898)779-0868,14662,2026-03-17,CA,platinum,43.39
USR-000854,Jon,Massey,logancurtis@example.org,001-659-339-6701x55226,97227,2022-04-09,US,platinum,33.37
USR-000855,Wanda,Frye,matthew95@example.net,987.335.1683x2022,11319,2022-09-03,UK,bronze,33.34
USR-000856,Christopher,Williams,christopherramirez@example.net,9085475557,38526,2025-01-13,US,gold,119.48
USR-000857,Jay,Castro,nicolejones@example.org,+1-218-636-6949x83598,51624,2024-08-08,UK,bronze,12.11
USR-000858,Lisa,Crawford,beckyharrington@example.com,645.762.7137x02446,74420,2024-04-23,US,silver,72.24
USR-000859,Christina,Johnson,graysarah@example.org,001-647-883-0626,94938,2026-07-12,FR,silver,52.88
USR-000860,Wayne,Patel,rthompson@example.com,001-546-231-2842x09274,77688,2024-03-07,FR,bronze,16.99
USR-000861,Gina,Thomas,whitekaren@example.com,+1-312-885-1368x4054,88216,2023-04-06,UK,platinum,127.26
USR-000862,Wendy,Freeman,mirandamichele@example.com,575.619.0032x2607,61356,2024-02-24,UK,platinum,31.08
USR-000863,Justin,Martin,ifriedman@example.com,(843)910-3233x85437,31449,2021-11-16,US,platinum,75.48
USR-000864,Michael,Cooper,chrishenderson@example.net,359-496-8224x312,47125,2026-05-14,CA,silver,16.01
USR-000865,Michael,Mason,jilljackson@example.org,2788141257,59553,2026-02-12,CA,silver,82.18
USR-000866,Stephen,Decker,meaganevans@example.net,547-359-7113x15687,88814,2021-10-22,DE,platinum,42.76
USR-000867,Kenneth,Hughes,logan63@example.net,768-745-8310x903,66485,2025-02-28,US,gold,37.86
USR-000868,Derek,Lee,heatherwells@example.org,(271)492-6421,31346,2024-05-08,UK,silver,36.68
USR-000869,Scott,Martin,burnsryan@example.com,001-849-670-6959x9019,29419,2025-04-30,US,gold,157.82
USR-000870,Wanda,Allen,lthomas@example.com,2212118700,70962,2025-12-18,FR,bronze,196.24
USR-000871,Harold,Mcneil,joe20@example.net,001-239-656-0898,56163,2023-07-08,DE,platinum,37.45
USR-000872,Melinda,Wilson,linjustin@example.net,(547)259-9117,51903,2023-09-11,DE,platinum,70.9
USR-000873,Brian,Powell,steven60@example.org,831.560.3502x450,17100,2025-04-24,UK,platinum,61.77
USR-000874,Kristen,Bean,eric41@example.net,(394)656-4686x67646,22235,2025-03-04,US,bronze,26.99
USR-000875,Kevin,Smith,hooddaniel@example.com,537-484-7107x382,19803,2023-03-24,US,platinum,50.73
USR-000876,Jennifer,Alvarado,jeffreysimmons@example.org,+1-823-734-5015x4177,61032,2024-04-18,DE,bronze,19.93
USR-000877,Robert,Briggs,williamsdenise@example.org,9595118624,82178,2022-09-05,DE,silver,40.68
USR-000878,Stephanie,Krueger,mitchelldavid@example.net,+1-963-715-5580x0875,60915,2023-03-31,CA,platinum,22.13
USR-000879,Stacey,Lewis,jillarnold@example.org,308.544.4685x0138,66895,2023-06-09,CA,bronze,136.56
USR-000880,Vanessa,Rhodes,dunnkyle@example.net,926.545.7017,30456,2025-10-22,FR,gold,78.2
USR-000881,Tony,Johnson,hendersonjames@example.org,(449)871-2793x108,22131,2024-11-02,CA,platinum,22.2
USR-000882,Timothy,Edwards,hamiltonandrew@example.org,469.360.9566x11828,93056,2021-09-08,CA,gold,133.95
USR-000883,Timothy,Shaw,jeffrey83@example.org,001-475-833-6314,76374,2022-01-27,UK,silver,68.94
USR-000884,Gina,Wilson,zflores@example.net,(434)754-9642x20699,45475,2024-03-30,CA,silver,76.57
USR-000885,John,Smith,amanda87@example.com,(534)349-1088x5348,80189,2025-10-09,CA,gold,42.89
USR-000886,Rebecca,Alexander,sharisingleton@example.com,334.907.9328x18167,59734,2024-12-05,FR,platinum,43.2
USR-000887,David,Perez,thompsontamara@example.com,961.374.5741,66295,2022-12-17,DE,gold,9.05
USR-000888,Allison,Smith,johnsonalexis@example.org,630.221.4890,10946,2022-01-26,CA,platinum,39.91
USR-000889,Lori,Wright,danielguerrero@example.net,001-719-827-7244x3764,10396,2024-03-10,UK,silver,71.26
USR-000890,Samantha,Macias,ronald91@example.com,001-383-636-5974x709,68048,2023-11-28,DE,gold,22.03
USR-000891,Wendy,Wilson,heidilynch@example.org,333.482.6561x97896,49914,2023-08-14,UK,silver,24.71
USR-000892,Frances,Carpenter,kblair@example.net,(677)808-6657,49149,2025-10-20,CA,gold,27.68
USR-000893,Shannon,Alvarado,caroline77@example.com,938.500.7506x8233,29858,2024-06-06,UK,silver,49.28
USR-000894,Joshua,Barton,housejennifer@example.com,288.765.7073x8546,20870,2022-01-03,DE,gold,161.1
USR-000895,Steve,Humphrey,derekwright@example.org,+1-758-778-9288x0229,99045,2025-12-15,DE,platinum,28.14
USR-000896,Vincent,Montgomery,brianmills@example.org,607.599.1906x2315,40682,2023-01-26,UK,platinum,26.36
USR-000897,Christian,Serrano,patricia70@example.net,+1-648-767-1172,77275,2023-06-28,FR,gold,363.46
USR-000898,Jonathan,Henderson,bookerjohn@example.com,(467)924-0896,07946,2022-01-07,US,gold,46.2
USR-000899,Jennifer,Thomas,watsonmelissa@example.com,701.491.8717x104,94404,2026-01-20,US,platinum,44.56
USR-000900,Thomas,Miller,hernandezchristian@example.org,+1-396-305-0346,62587,2022-10-16,UK,bronze,10.16
USR-000901,Christopher,Bray,rhonda46@example.com,(645)312-3355x916,46237,2024-11-18,DE,silver,81.2
USR-000902,Richard,Johnson,patrickhall@example.com,001-448-765-0074x435,85890,2021-08-10,CA,gold,122.53
USR-000903,Toni,Miller,jerry47@example.org,(469)667-7813x4145,36606,2024-05-04,FR,silver,64.51
USR-000904,Ryan,Wise,cohenleslie@example.com,2908435184,27850,2024-08-05,UK,bronze,29.03
USR-000905,Carolyn,Scott,xcox@example.org,(471)800-4991,37236,2026-07-02,FR,bronze,33.04
USR-000906,Joe,Black,udawson@example.net,+1-819-520-5091,31844,2024-06-08,DE,platinum,103.58
USR-000907,Jessica,Hernandez,lorettaowen@example.org,393-428-6571x19249,67460,2025-06-13,US,gold,75.39
USR-000908,Renee,Lewis,pattersonmonica@example.net,983-392-4516,65192,2023-11-08,US,silver,18.71
USR-000909,David,Espinoza,nsmith@example.org,372-592-3359,96400,2022-08-25,CA,bronze,26.57
USR-000910,Jamie,Bullock,michaeljackson@example.net,924.350.4094x147,99597,2025-10-07,CA,silver,14.36
USR-000911,Andrea,Schmidt,chrissantos@example.com,868-621-6362x9703,84892,2025-12-08,CA,bronze,37.34
USR-000912,Susan,Snow,jhumphrey@example.net,(532)824-2637,67668,2025-05-02,DE,platinum,30.87
USR-000913,Eric,King,matthew28@example.com,+1-647-359-0447,58537,2023-09-22,US,platinum,15.42
USR-000914,Jason,Adams,cooperbrenda@example.net,001-606-552-5329x3244,36907,2025-03-27,CA,platinum,32.42
USR-000915,David,Sampson,luis08@example.net,001-297-875-4728x157,56012,2022-06-29,CA,silver,80.13
USR-000916,Latoya,Smith,lmcmillan@example.org,637-471-4948x7248,56816,2022-03-10,UK,silver,43.29
USR-000917,George,Stone,adamwalton@example.net,(208)408-2078,22920,2026-08-05,FR,silver,8.63
USR-000918,Betty,Anderson,conniesmith@example.net,001-542-235-4791,96151,2022-05-21,DE,platinum,84.63
USR-000919,Michelle,Carpenter,jacksonchristopher@example.org,+1-722-679-8257x99883,28245,2022-06-12,FR,silver,75.51
USR-000920,Kristy,Hall,kevinpierce@example.net,870.703.7817x150,19954,2023-01-26,US,silver,15.83
USR-000921,Alexander,Hicks,lydia20@example.net,915-612-2866x00999,76240,2023-01-02,UK,gold,63.89
USR-000922,Daniel,Maxwell,brooksbrandi@example.org,264.387.3725,19636,2023-03-08,UK,platinum,16.56
USR-000923,Barbara,Hunter,josephperez@example.org,001-778-767-1542,64058,2022-01-04,US,bronze,105.99
USR-000924,Bonnie,Gonzales,dwilliams@example.org,+1-310-935-3363x592,24033,2022-08-12,FR,gold,85.54
USR-000925,Alex,Morgan,watsonamanda@example.net,+1-266-831-4387,14907,2021-12-03,FR,silver,18.01
USR-000926,Kevin,Garrison,rodriguezrachel@example.net,001-389-959-4919x26595,27408,2022-10-07,US,bronze,22.08
USR-000927,Destiny,Henderson,ramirezchristopher@example.com,400-419-8011x063,36375,2025-10-16,DE,bronze,45.61
USR-000928,Joe,Cruz,tammy95@example.org,+1-789-681-9785x51791,31753,2023-08-10,FR,bronze,58.35
USR-000929,Angela,Tyler,josephmorrison@example.com,+1-293-304-9408,04886,2026-05-20,FR,bronze,21.9
USR-000930,Robert,Nguyen,morrisonjacqueline@example.org,216.579.2664,93249,2021-11-04,US,gold,22.35
USR-000931,Michael,Rogers,riosryan@example.org,210.767.1091x79651,79840,2022-05-31,UK,platinum,38.03
USR-000932,Mary,Fernandez,jason74@example.net,755-683-9318x566,74517,2026-06-05,US,silver,103.2
USR-000933,Jonathan,Ford,mcguirekayla@example.com,288.510.7863x20197,03499,2024-01-21,US,gold,56.24
USR-000934,Kimberly,Martinez,tanderson@example.org,358-281-1912x77615,59463,2026-08-04,UK,platinum,31.09
USR-000935,Michele,Collins,paul60@example.org,625-797-6571x254,71943,2023-02-09,CA,bronze,66.32
USR-000936,Traci,Carroll,christopher61@example.com,001-690-614-0905,41298,2025-11-18,DE,gold,39.2
USR-000937,Roberto,Banks,duane16@example.com,889.873.9076,64210,2023-05-21,DE,platinum,59.05
USR-000938,Edward,Scott,hunter31@example.com,299.970.6581x1245,57866,2024-05-10,FR,bronze,20.25
USR-000939,Ryan,Murphy,dmoss@example.org,001-522-771-6623,24121,2026-02-13,US,platinum,199.88
USR-000940,Aaron,Murray,athompson@example.com,481-532-6135x42701,27010,2024-10-31,FR,silver,53.09
USR-000941,Melanie,Schneider,williamsmark@example.net,704.567.4071,30968,2022-03-02,US,bronze,3.09
USR-000942,Chris,Powell,marioperry@example.net,+1-575-831-8483,38208,2024-06-01,DE,platinum,13.65
USR-000943,Daniel,Hernandez,hking@example.com,001-216-963-9303x22168,00910,2022-01-29,DE,platinum,43.58
USR-000944,Eric,Holder,matthew41@example.org,001-351-621-8833x40179,35386,2026-07-28,FR,silver,73.8
USR-000945,Jenna,Soto,vwoodard@example.com,001-962-353-6711,98778,2022-04-14,US,platinum,127.02
USR-000946,Jeremy,Hester,hholt@example.net,456.459.2300x224,30774,2026-06-11,FR,silver,42.12
USR-000947,Shannon,Powell,ncollins@example.net,001-435-419-9972x1115,58425,2025-05-12,FR,bronze,69.08
USR-000948,Alan,Leon,jessicafisher@example.com,(242)601-1731x01091,51928,2021-10-12,DE,silver,59.93
USR-000949,Lori,Lopez,collinsmatthew@example.com,(986)551-0389x53722,75696,2026-02-17,CA,silver,73.55
USR-000950,Joann,Smith,kristina24@example.com,588.707.6965x77654,78635,2026-05-18,FR,silver,31.53
USR-000951,Angela,Garcia,eyoung@example.org,+1-645-934-7491x1608,71821,2025-01-02,CA,bronze,43.8
USR-000952,David,Moore,jasonreeves@example.net,694-647-4848x569,43567,2022-01-01,DE,gold,60.25
USR-000953,Jose,Wilson,steven99@example.org,426-907-1339x143,53351,2025-07-13,UK,gold,173.74
USR-000954,Elizabeth,Wilson,jasonburke@example.com,952-559-1372x067,08401,2026-04-28,DE,silver,31.77
USR-000955,Sydney,Murray,allencheryl@example.net,546.386.2075,79062,2022-01-14,FR,gold,48.79
USR-000956,Donna,Davidson,anamoore@example.net,001-618-735-0739,45029,2021-08-27,DE,platinum,116.32
USR-000957,Benjamin,Hicks,clifford14@example.com,(878)456-6217,88963,2023-11-30,CA,gold,24.98
USR-000958,Jennifer,Collins,mullenkevin@example.com,(551)549-9753x01446,71816,2022-11-28,US,silver,5.93
USR-000959,Mark,Cook,davisdiana@example.org,498-284-8131,47410,2025-12-25,UK,gold,36.95
USR-000960,John,Spencer,andrewknight@example.org,+1-822-502-4176x6970,91824,2024-05-04,FR,silver,30.13
USR-000961,Angela,Gray,dwest@example.net,8094773549,48387,2024-12-06,US,bronze,176.4
USR-000962,Carla,Garza,thomasjeff@example.com,601.825.3436,56800,2024-07-05,CA,gold,6.56
USR-000963,Steven,Simmons,ruth44@example.org,614.782.2119,99412,2025-02-02,US,bronze,49.57
USR-000964,Henry,Preston,nicholas32@example.org,(585)855-0269x4505,07550,2023-12-01,US,bronze,324.19
USR-000965,Eduardo,Castro,kimberly93@example.net,(388)266-8980,52918,2024-10-06,UK,silver,12.72
USR-000966,Matthew,Mack,alyssamitchell@example.com,001-230-952-3614x1637,84122,2022-05-30,DE,silver,27.55
USR-000967,Rhonda,Thornton,williamstiffany@example.net,(902)394-0799x397,06681,2026-04-05,DE,platinum,10.53
USR-000968,William,Willis,kelsey05@example.com,(648)978-4041,14192,2022-11-26,DE,bronze,105.41
USR-000969,Erin,Villarreal,kfreeman@example.com,556-999-2291,83323,2025-06-10,DE,bronze,28.26
USR-000970,Arthur,Brown,emily47@example.com,001-733-409-9479x141,66205,2023-02-10,DE,gold,110.25
USR-000971,Tanner,Blackburn,dhenry@example.com,765-837-4667,27498,2025-01-08,DE,platinum,24.48
USR-000972,Craig,Phillips,tjones@example.org,968-359-5241,56898,2024-03-18,DE,silver,6.47
USR-000973,Kevin,Kelley,richard34@example.net,001-332-651-0110x2883,75423,2024-12-08,US,bronze,72.26
USR-000974,Carlos,Jones,davisdavid@example.org,+1-674-474-8157x9619,25249,2025-06-30,CA,gold,28.63
USR-000975,Brian,Stevenson,jonathanlara@example.net,(447)908-0709,68317,2024-10-27,CA,platinum,91.07
USR-000976,Michael,Adams,robertroberts@example.com,824-870-2691x546,80003,2024-09-24,CA,bronze,49.4
USR-000977,Sandra,Smith,ashleyhernandez@example.org,001-518-970-8633x445,47673,2025-12-22,UK,platinum,86.34
USR-000978,Brandon,Jackson,wattsstephanie@example.net,869-480-2844x02783,86880,2023-06-30,US,gold,52.94
USR-000979,Tara,Robbins,christine41@example.net,+1-447-890-4475x15379,84125,2021-09-09,US,bronze,139.52
USR-000980,Katherine,Smith,johnholmes@example.org,+1-700-729-7806x78246,27047,2021-08-16,US,bronze,162.13
USR-000981,Dylan,White,davidpalmer@example.org,(590)635-8322x3272,34454,2022-04-17,US,bronze,22.96
USR-000982,Charles,Hammond,hatkinson@example.org,+1-481-448-9948,28630,2025-01-11,FR,silver,294.23
USR-000983,James,Thompson,roger61@example.net,001-597-410-8186,15040,2022-10-20,UK,platinum,27.87
USR-000984,Jeremy,Zuniga,jennifer21@example.com,(954)647-2270x048,33825,2022-06-06,FR,silver,6.86
USR-000985,Gregory,Cooper,ngonzalez@example.com,885-208-3743x200,85450,2025-07-06,FR,silver,13.33
USR-000986,John,Fowler,bfreeman@example.net,+1-567-558-5987x71573,44068,2026-08-01,DE,bronze,121.28
USR-000987,Walter,Porter,lopezamanda@example.net,001-340-456-9476,61231,2026-04-19,FR,platinum,185.33
USR-000988,Olivia,Wilson,murraycrystal@example.org,880-399-5224x275,59466,2025-03-09,UK,silver,124.84
USR-000989,Rachael,Griffin,millermelissa@example.net,9116755567,63404,2022-11-03,UK,silver,90.15
USR-000990,Daniel,Wu,tbaldwin@example.com,001-299-589-0716x778,02879,2025-08-27,DE,gold,54.41
USR-000991,Tiffany,Joyce,jefferyrhodes@example.org,7837341871,90236,2021-09-10,US,bronze,255.76
USR-000992,Lisa,Jensen,brianlarsen@example.net,3354431373,93720,2024-06-16,CA,bronze,67.48
USR-000993,Laura,Johnson,andrea88@example.org,001-298-475-9973x22927,68912,2022-10-11,US,gold,82.49
USR-000994,Laurie,Bates,kclark@example.org,+1-306-820-4678x6303,76365,2021-12-09,US,gold,96.5
USR-000995,Ashley,Scott,dcastillo@example.net,(298)364-4491x1851,45465,2022-11-30,CA,platinum,144.35
USR-000996,Garrett,Osborne,marcusbarron@example.org,6184087258,29894,2021-09-07,CA,bronze,374.62
USR-000997,Evan,Dennis,toddescobar@example.com,(615)527-2311,38142,2021-12-09,CA,silver,33.81
USR-000998,Paul,Rubio,amberbutler@example.com,001-759-572-7771x98460,92573,2026-03-24,CA,platinum,103.46
USR-000999,Stephanie,Sellers,danielle74@example.org,+1-668-834-8698x716,21248,2024-09-03,CA,bronze,125.98
USR-001000,Annette,Hines,ywalton@example.org,339-408-1100x07783,96504,2023-08-24,FR,silver,16.38
